date,Swiss Performance Index SPI,SWX New SPI Index,SPI EXTRA,SPI Inhaber mit Div.-Korr,SPI Namen mit Div.-Korr,SPI Inhaber + PS mit Div Kor,SPI PS mit Div.-Korr,SPI Small Companies mit Div,SPI Middle Companies mit Div.K,SPI Large Companies mit Div.Kor,SPI Small + Middle C. mit Div.,SPI Large+Middle Comp mit Div Korr,All Share SWI mit Div. Korr.,SPI ex SLI,hsbng,gold,SBI For AAA-BBB M 1-5,SBI For AAA-BBB M 5-10,SBI Dom Gov M 3-7,SBI Dom Gov M 7-15,SBI Dom Gov M 1-3,SXI Real Estate Broad,SXI Real Estate Shares Broad,SXI Real Estate Funds Broad,sandp500,jpm,tsla,msft,nvda,googl,apple,hon,btc,eth,sol,xrp
2015-08-10,-0.0118935057785448,-0.011896542037075401,-0.0072689779416923,-0.05066544700664,-0.011686570493938293,-0.012848646600955513,-0.007401664722698,-0.001168746132414594,-0.007924467156208901,-0.012731812083445797,-0.007269262763752398,-0.0120548340196527,-0.011883707358976103,-0.010370100911531697,0.0010744811778561,0.0,0.0006236358169068,0.0023476308750612004,0.0023046312316600997,0.0063594498890686,-0.0008289419623226,2.2342740621000574e-05,0.013797450225806099,-0.005333442290804301,-0.0008272675446004997,-0.0023540390000000005,0.0,0.005547229999999998,0.02407683,0.036908722,0.003801663,0.0058617719999999995,-0.0248612193465044,0.5300039537108894,0.0,-0.05264184934961229
2015-08-17,-0.0997545424997735,-0.09975331531065651,-0.0807361806519982,-0.0830601573258013,-0.1026172159654144,-0.086587770665826,-0.08708644864090989,-0.048285287730222,-0.08429673603027901,-0.1032487152892415,-0.08073494699746,-0.10055690513567078,-0.09978258955708288,-0.0758850320442444,0.0002928400626128,0.0,-0.0009355996316344999,-0.0008120179090114,-0.00020929259180619978,0.0031246269863955,-0.0009482044090782,-0.0477649833215176,-0.0791146368958061,-0.0357537491397098,-0.1048247739042317,-0.065275294,0.0,-0.087320903,-0.09204449,-0.06803276899999999,-0.09207288999999999,-0.070286506,-0.20340473191367509,0.022720794501783007,0.0,-0.1153342028387116
2015-08-24,0.041102095984771506,0.041101792969350494,0.0408970766496345,0.0377349084804577,0.041796257562803696,0.0379263783520023,0.037953953571359,0.0207684371473898,0.0431205409581035,0.0411402231237263,0.0408957909701705,0.041423100498025694,0.0412074260536756,0.0409835811095805,-0.002051683588144746,0.0,-0.0022907132049323,-0.005430369032895883,-0.0052466017518438,-0.01004952783766122,-0.0021367529497347,0.0127200497014697,0.0298869270305526,0.0062297726728759,0.0408657288072143,0.008298787,0.0,0.019770758,0.057029025,0.024024749000000005,0.068778489,0.011463138999999999,0.0888608800859442,0.09814362860589969,0.0,0.0636962037048617
2015-08-31,-0.013317575300882997,-0.013315446239625502,-0.011897470001538398,-0.0029355628069195035,-0.0136602872412591,-0.011743482758888,-0.012996751456525303,-0.006724787162044499,-0.012461551060261799,-0.013581573535113998,-0.0118952777255525,-0.013420126979491801,-0.0131665058642908,-0.012867789859172097,0.00039112154600470003,0.0250126029286991,0.00031267914163709995,0.0018134015305746,0.0012616971498139,0.0025017161899693,-0.0004754546624688,-0.0243284074871097,-0.0203314593024875,-0.0258568867848816,-0.0014055243980275987,-0.041875052,0.0,-0.030508467000000004,-0.04407188100000001,-0.047702396,-0.03612905500000001,-0.03489495599999999,0.04167846379070607,-0.08572981145333328,0.0,0.004316079959510296
2015-09-07,-0.0006984363321861,-0.0006970951817173027,0.007465772274021701,-0.009078948037918502,0.0010012254015570009,-0.008509709674064801,-0.008428032456977576,0.008517144434888902,0.007349007634720998,-0.0022259638674596988,0.0074654909038789,-0.0008446266365020969,-0.0006540943014721017,0.009929064103404002,-0.0007823961279312334,0.0,-0.0010426442400082,-0.0021764767819080003,-0.0009461235922587001,-0.0065499769206826,-0.0007136061197211,0.006219303765452147,-0.004938726545382099,0.0104711005090494,-0.0083519927476432,0.017088937999999998,0.0,0.020212071,0.040546094,0.041025454,0.044217012,0.030887735,-0.0391258363841208,-0.3532807550162273,0.0,-0.067081277373976
2015-09-14,0.011190532306169102,0.011190938626723098,0.008046594176361197,0.018742920351104295,0.012310085477248,0.0060045772319052,0.004177984200990101,0.0112638829896546,0.0076848849805037,0.011781070403873203,0.008044228696308001,0.011188910612017202,0.010975322458688002,0.007266267334876701,-9.784257138080975e-05,0.0,-0.00041736227650900006,-0.0012718024970076998,-0.0026328275963569,-0.0055320674765111984,-0.0007141157170889,0.0085190495597621,-0.0008542586130171012,0.012041874273670601,0.007112274878686002,-0.026236354,0.0,-3.469446951953614e-18,0.027864233,0.008539718999999998,-0.0066766829999999975,-0.015987389999999997,-0.0155509578489532,0.0484027990079583,0.0,-0.021480984290825803
2015-09-21,-0.0458269587994464,-0.04582880795551761,-0.0410099847558576,-0.0509805949003551,-0.04976244436388699,-0.0278874881606329,-0.024544036846499404,-0.0369816451360782,-0.041450840090164996,-0.04674104684512169,-0.0410101975174642,-0.0459684399105392,-0.04568454861764479,-0.0359530433843966,0.0010757421212444,0.0,-0.0024032193793048,-0.0037338962374292997,0.0028431546557086,0.0084484661735417,-9.996344030316351e-17,-0.020093561883567798,-0.025998409262433998,-0.0179048770126048,-0.0442814643579175,0.008659511000000002,0.0,0.010523983,0.013646266999999997,-0.03193031,0.011045028,-0.047200205,0.05173308441322459,-0.4553456670932102,0.0,-0.14102745814155238
2015-09-28,0.040128363657643426,0.04012777543948985,0.030150718586159697,0.0460794360633873,0.041996750793380735,0.0316558716294874,0.029578729011345197,0.0144565409120797,0.0318587628178399,0.0420110595696611,0.030153927411870802,0.0405341651171862,0.04000574969788613,0.029050927632685457,0.0012698414404759344,-0.070483873907474,0.0016724159850840998,0.0067291333303695,0.0031496089028961,0.0078962621222252,-0.0003572491851035,0.025682539530575997,0.0290834386621832,0.024420449097278293,0.054438303535808696,-0.010795002000000001,0.0,0.036424561,0.04917330099999999,0.025966244000000006,-0.038478282,0.03178208,0.005175955732716601,0.07557189550313961,0.0,-0.22856658725783902
2015-10-05,-0.0008276561129153997,-0.0008291851052558011,0.0158045747974248,0.039850864481265305,0.0016660013281162,-0.012275023524022703,-0.020075988289291205,0.0049919222516982996,0.0169591569195733,-0.0039789833653198995,0.0158024744147853,-0.0009192847329956987,-0.0010559316864082006,0.014619238449666101,-0.0008789492240257624,0.0,-0.0005223296018466,-0.0007252946827470999,-0.0012586534071961,-0.0024910615959328006,-0.0011917532098154001,0.0051103791594939,0.0191491242387607,-0.00013634194581069962,0.0151881676312077,0.018250449999999998,0.0,0.033235709,0.049941574,0.021458005,0.015640841000000003,0.046746033,0.020281092177707707,-0.004165151827172604,0.0,0.049214479204845216
2015-10-12,-0.0011342260348919007,-0.001134897656373599,-0.006805682680868799,-0.028522605515652798,-0.0045747728659819,0.014619356888443102,0.0211093193801679,-0.0076095855371411,-0.0067204158700327,-5.300656706499953e-05,-0.006805557269134199,-0.0010328118570774995,-0.0009324980758279999,-0.0116899263307816,0.0009765625776102,0.0,0.0006267627908091,0.0025362332435792997,0.0011538261100718,0.0032131122510745,-0.000477099245691,0.004521590149795883,0.0009960720244545007,0.005852143891287199,0.0079978308976584,0.008041214999999997,0.0,0.008454859999999998,0.06640673999999999,0.035245395,-0.009679265999999999,-0.041683211,0.07129973606390538,-0.24700721907888998,0.0,-0.0421244454550603
2015-10-19,0.0240875627064767,0.024090556982386362,0.0299974817539077,0.021660435879629104,0.0257547560203468,0.0164958025012075,0.0157346411497732,0.0185841895132613,0.031202814980334392,0.022961075795747903,0.0299976913721461,0.0241744176735726,0.023968957713975596,0.0272158120236721,0.0023398665252947616,0.0,0.0022947751803814,0.005233252040971401,0.0034535118830557004,0.0055982231939515,0.0009539709762352,0.009117597045515501,0.0226243218208082,0.003990916596148899,0.018281367825529398,0.022803823,0.0,0.106895877,0.025865038,0.033948054,0.06990507000000001,0.060970097,0.0797269208335724,0.40245587748024014,0.0,-0.07584800279825452
2015-10-26,0.0041855047817733,0.0041826327872771015,0.0095024947064839,-0.015514109525322898,0.0032037852939855995,0.0086602129374412,0.012179749510816,0.002776559694597201,0.010208321844559099,0.0031629637217284,0.009504417687720899,0.004206192764153901,0.0042874281639008,0.0039795966753378995,-0.00038959774526083177,-0.0022102786180785,-0.0006253257108406001,-0.0008102633799140003,-0.0019869287582554,-0.0043158634766642,-0.000953970976235,-0.013666924031295,0.0008552004946296987,-0.019308346487992598,0.0157455656810137,0.005931971999999997,0.0,-0.004359782999999997,-0.007724758000000005,0.024796702999999996,0.0035208359999999994,0.0014534240000000005,0.23586013884385132,0.30264480179050895,0.0,0.0979915602186977
2015-11-02,-0.005568815509421299,-0.005567854188865401,0.00013533951630020045,0.001729466311702602,-0.0065618211756606,-0.0010566725407375015,-0.001456905474059399,0.005542419301284701,-0.00043186605743870086,-0.006670430972326181,0.0001342879991271008,-0.0057418170659089005,-0.0054642502169192,0.0011681748497434008,0.0023353129227760357,0.0,0.0023949613155297,0.005031005131435401,0.004699502148182,0.0026396847707732003,0.0020261016406101003,0.0037375315075086,-0.0280422678738561,0.015748650252126198,-0.012179090586627101,0.063467895,0.0,0.042401276,0.10624134099999999,0.032304639,0.012969886,0.006947132000000001,0.05144595536744061,0.009541229028470502,0.0,-0.11212788293254651
2015-11-09,-0.015143118185064098,-0.015141139226085301,-0.0056558569304881005,-0.0267134279771752,-0.016443093436995702,-0.009282385789558,-0.0067960501652963,-0.0046652013673317,-0.0057630497990073005,-0.0169940696914361,-0.0056581358204972,-0.015309471361283099,-0.015014804887248,-0.0061593766303733,0.0008743382302762123,0.0,0.00020798668960170005,0.0017012136439423,0.0008331598065787,0.0020748551055424004,-0.00011906888148839998,0.0083716591059785,0.0194492618504726,0.0042222810770983,-0.012290287019008498,-0.043283894999999996,0.0,-0.038609066000000004,-0.057065195,-0.028676705,-0.074756306,-0.028478596000000002,-0.1394814617803521,-0.072965202053702,0.0,-0.08481247256073901
2015-11-16,0.021847323271977002,0.021845185646956897,0.0192683669200983,0.018362617276151703,0.0212159884588158,0.0246879027926497,0.0255763395265779,0.009133449486110001,0.0203306499606472,0.022358025337747698,0.0192680658789474,0.0220497437509894,0.021771490468448597,0.015011607964807099,-0.0009715341286859001,0.0,-0.0007281427481433999,-0.0013428228149116,-0.0022928618695387997,-0.0023944460318803,-0.0010722583978438,-0.0024869008541934003,0.0066147349517835,-0.0059421097647527985,0.0161364733088477,0.029754305999999994,0.0,0.025227892000000002,0.051980978000000004,0.048695423,0.060111411000000003,0.044030127,-0.023571150900428498,0.019198504018361505,0.0,0.0126300572212074
2015-11-23,0.0083419102732558,0.008341826367649,0.0117917365251398,0.0175284828035003,0.007028316734787399,0.014224209052586902,0.013760703854980502,0.0087514036921197,0.0121106398899196,0.007667249005969701,0.0117941179356244,0.0083350933115259,0.008319479110908301,0.0095879081366374,0.00019438235069460562,0.0,0.00010405285894620001,0.0016111711326357002,0.003333336419758,0.0065312856626065,0.0009531753372684,-0.007107531164265095,0.0019469004909278996,-0.010624706484955199,-0.0029661648817081,-0.00549334,0.0,-0.004809462,0.0,-0.006494636,-0.01256824,-0.014974744000000003,0.1553016252242988,-0.0811944745024072,0.0,-0.020527664629570203
2015-11-30,-0.015348523022294303,-0.0153441395295716,0.0022897591920835996,0.0013467064194337994,-0.0182386854764516,-0.0025524427747907015,-0.0031020971433206,0.0032811948151649003,0.0021867322331492987,-0.018837770932019632,0.0022902963303609997,-0.015642877277446197,-0.015146995157206798,0.003531390253807742,-0.0026273551823809,0.051603100844892,-0.0027088993435397998,-0.0033146726877266008,-0.006259148329288599,-0.009251940297496802,-0.0035791018879643994,0.003578842411924699,-0.004078703300279901,0.0064825314259663,-0.001606742891632102,0.010662044000000002,0.0,0.036056346,0.072491046,0.009334897,0.010302439000000004,0.004697738999999999,0.0471455119251413,-0.07347835538055371,0.0,0.2802409210771946
2015-12-07,-0.05046870368302644,-0.05046819085041257,-0.0411994163605631,-0.0652841127927439,-0.05144879956119288,-0.0461743898085898,-0.0435034984333664,-0.0178216278512196,-0.0436721841175579,-0.0523313664371966,-0.041201663738219596,-0.050999029735704,-0.05034926164438452,-0.0422493465603143,-0.0024389066281855997,0.0,-0.0033441352097362004,-0.006391523761532901,-0.0055616912343848,-0.0079643235027269,-0.0025130151441006,-0.0163883795889761,-0.031168923892294,-0.010875698160766898,-0.0269008002140193,-0.05791249800000001,0.0,-0.033648695,-0.03804806699999999,-0.037647509999999995,-0.05039609,-0.062353722,0.1159925695236587,0.2021593447582129,0.0,0.3144315481791874
2015-12-14,0.019738390914984895,0.019733129882082104,0.018550634224754003,0.0234489657700392,0.019645011405326998,0.020151061789124198,0.0196941761581526,0.0107842397910327,0.0193783496104075,0.019981928694031006,0.018551603471283498,0.0198843663261551,0.019801075406016003,0.016663781719135004,-0.0010750062115157727,0.0,-0.0014665831248002002,-0.0028940962589712,-0.0032674600875284,-0.003803362869253399,-0.0013188659666034,0.021840518977037673,0.0344002493055071,0.017162580069215,-0.00039079021740979873,0.005137428999999999,0.0,0.0012940190000000039,-0.010830988,0.008532007000000001,-0.065257399,0.035993075,-0.012557635015390303,-0.0975017563759887,0.0,-0.19444348750406557
2015-12-21,0.0219215810217022,0.0219237957491086,0.018688642098128698,0.0219135547027706,0.0220015657263167,0.021571841832233,0.0215251602954066,0.009522847543081001,0.019668514444800198,0.022565657759696302,0.0186890590808123,0.0221238781298139,0.021832165814758,0.0174550032339936,-0.0008804109152694001,0.0,-0.0012587854384287,-0.0025392232741929,-0.0025369992465886,-0.0034923893364573,-0.0015609056420076,0.0043834820477136,0.0164497751894478,-0.00018470745470220004,0.0173388523382459,0.033590884,0.0,0.028052787,0.031544493,0.011808214000000001,0.018686894,0.027316672,-0.038010555279227504,-0.0639085715878066,0.0,0.011336513416491195
2015-12-28,-0.009287864772006901,-0.0092889025495631,-0.007977632082273301,-0.018712119397456,-0.0100925941640215,-0.0057704426421615,-0.0039877916291003995,0.0026702218395007003,-0.009115640361020898,-0.0095477845631585,-0.0079765937689575,-0.009482101841534302,-0.0094044334132457,-0.0055174262065658015,-0.0004894523126444002,0.0882903114124409,-0.000629987421088,0.0008168822782366999,-0.0006352567709662002,0.0007319751455282008,-0.0012023567638231,-0.0026819174308927007,-0.0077357530837778,-0.0007576574580529,-0.0215482784323744,-0.008595378,0.0,-0.0034187720000000005,-0.006351147999999999,0.015766132,-0.025975447999999998,-0.010373746,0.0252816620685419,0.12182416508878602,0.0,-0.0622189979076337
2016-01-04,-0.050898160394124106,-0.0508990172032178,-0.042871993925504205,-0.045200637866302996,-0.0520097273827443,-0.04606423456117,-0.046181987736121095,-0.024833767638573603,-0.0448324089111637,-0.0525069280628279,-0.042871879086329,-0.0513318258745763,-0.0507721023207496,-0.043181303872886705,0.0014676388329784,0.0,0.0005250170751142,0.0036225361114427005,0.0015873859092797,0.0023549485080439,0.0,0.0002493600658214981,-0.015566438985230203,0.006179988216175601,-0.0452224103948079,-0.11392861100000001,0.0,-0.058452737000000005,-0.106507344,-0.062449015000000004,-0.082134996,-0.050902031,0.03480027812978139,0.1063657735727484,0.0,-0.010646036691933501
2016-01-11,-0.016282891253241602,-0.0162785688613852,-0.027542766241683107,-0.0059483705991367,-0.016079060941314803,-0.0171668053676803,-0.0187125602471694,-0.022249293066248402,-0.0281286981035344,-0.014030402343565099,-0.027545084181696097,-0.0161825720046284,-0.0165474433398584,-0.0300161161017517,0.000684161684312508,0.0,-0.0018913528807211,0.0016258697466514404,0.0020070782631641,0.0053389546007383,-0.00048134778306050004,-0.008939668309745005,-0.014929750479511398,-0.0067285700842019,-0.022255846333325405,-0.032427764,0.0,-0.025940284999999997,-0.088884698,-0.028335458999999997,0.0017517239999999996,-0.011957891,-0.14688944801369738,0.2953345357507458,0.0,-0.10144073620850172
2016-01-18,0.019701448649410303,0.019699759332546602,0.0238895110811214,0.015186448572432199,0.0169452936322876,0.0315963399090204,0.0338223045590271,0.0160742638680492,0.024749134649904303,0.0188676160907853,0.023889318180393002,0.019762254953885703,0.0198949962323358,0.026588499085787105,0.0013669207361731001,0.0,0.0003154740023008,0.0019835909488317,0.0020030579677101,0.0053908486348763,-0.0001203731569313,0.009148687527732999,0.028182464622633997,0.0020510174504887,-0.0022615956276705006,-0.0015790860000000004,0.0,0.025175593000000003,0.048245496,0.048046521,0.043220064,0.005741284000000001,0.0117039439444525,0.5608869625020392,0.0,-0.0365944387517693
2016-01-25,0.010481330898658001,0.0104799635392196,0.027923032002580603,0.038223777140143196,0.0119978896644813,0.0039555382429057005,-0.0007420557246995019,0.0140310659170541,0.029439755151661598,0.0069599835210691005,0.0279242023514105,0.010420397831123801,0.010233311297637902,0.028208070171583798,-0.00048797151214690173,0.0144273338365617,-0.00010514694294960007,0.0015300844531427,-1.9992688060632702e-16,0.0041640034541414,-0.0008430180543822,0.0198599080733921,0.025214461407552898,0.0178371982770886,0.032650956467198504,0.043802606,0.0,0.052163044000000006,0.029098000000000006,0.021091749,-0.041060347,0.053539788,-0.0488341076085475,-0.12224176791525801,0.0,0.24218691781311263
2016-02-01,-0.0665328570674734,-0.0665317699954736,-0.0559769852472193,-0.0198062103409576,-0.066661007184673,-0.0659816534248275,-0.0726078123429062,-0.0273323919275554,-0.0591276821620597,-0.0686990795464266,-0.055976297520489,-0.0672059511599773,-0.0666178470041857,-0.050066191467846605,0.0005855372471383999,0.0,-0.000420698365481,0.000898957270175982,0.001263025112644,0.0051012385451396,-0.0008437293334854001,-0.0134615419660751,-0.038601542190012605,-0.004063852196249398,-0.045324962472311,-0.029852962999999996,0.0,-0.093750315,-0.102746432,-0.07865581099999999,-0.03470248,-0.010422317999999996,0.0010475275801223004,0.3630582570512162,0.0,0.20009478361537353
2016-02-08,0.0114322950133647,0.011432453257714595,0.011491447315076803,-0.0071482469825560994,0.010184227044263507,0.0168023696648332,0.020282950117366697,-0.004517519950928802,0.013266048577119799,0.01142073265155959,0.011491740744640305,0.011709925777077898,0.011670553989329296,0.010188599064877603,0.0004876859399267,0.0,-0.00010520225142519998,-0.0017987233917029996,-0.0005260666121638002,-0.0031054689129106005,0.00024113817334099993,0.0014774785348240999,0.024856279169337202,-0.007254110326192599,0.022481488411482897,-0.0045122930000000006,0.0,0.00675544,-0.026842101999999996,0.004437706,-0.0003191320000000002,0.013131836000000001,0.06915086472350221,0.5086911446432281,0.0,0.0770252794553091
2016-02-15,0.0173651507454788,0.017365050444729,0.0319966420976739,0.032767670601928096,0.012939099715087702,0.0361210714530102,0.0366002937832869,0.0196040309572326,0.033347870979735704,0.014316697667481103,0.0319959789124651,0.017326866852568,0.0175063651813734,0.027642613222312304,0.0014616324161226832,0.0,0.0022069264382763,0.004849147433009401,0.0014722896759817,0.0046149031617652,-0.00024113817334090002,0.0097942123923128,0.021563129301234402,0.0052859047059138995,0.025994153135937836,0.005723681999999998,0.0,0.025802838999999998,0.168099907,0.021302359,0.02157642,0.035970698,0.08971643570835401,0.0602023686642503,0.0,-0.0696080622471492
2016-02-22,-0.0044606753838394,-0.004459194286061606,0.010420481203664797,0.007743731802407198,-0.0036720156094049994,-0.007728136204087703,-0.009956717170392001,0.0028724823885454003,0.0112220868877543,-0.007618267728656503,0.0104199936152729,-0.004587653928465097,-0.004617821475415002,0.0108384107545865,0.0013622654631759074,0.0,0.0011540682181064,0.0029518336206117,0.0020995178822827,0.008536926401961388,-0.001085841935729,0.010730247396475299,-0.0012156312019012982,0.0153029421978557,-0.0068442371187025985,-0.004854359999999995,0.0,-0.010085443,0.03992803400000001,0.0038010789999999997,0.009017983,-0.040328843999999996,-0.00011650029735519978,0.12069519689707889,0.0,-0.0159962140845237
2016-02-29,0.0276077805291167,0.0276054770885682,0.025915506412846602,0.0345493551644089,0.030497686836469702,0.015134333595379999,0.012143199802929099,0.0230732266277387,0.0262169347689493,0.0279614615138748,0.0259150076877867,0.027685292867886402,0.0275870270307258,0.0245176800274247,-0.0008755290213447,0.0211714554151129,-0.00031461381414170007,-0.0022354370644956,-0.0020995178822825,-0.0063958526686087105,-0.0004829751361695,0.006872191173999396,0.0129558048307476,0.0045587018260064005,0.0353520172631842,0.042697156,0.0,0.014129724000000003,0.027091802999999994,0.007367381000000004,0.061043356,0.048498917,-0.0548857991398541,0.41041268036962975,0.0,-0.0006249933127143005
2016-03-07,0.0013469221687712018,0.0013495278701334008,0.0079919384515099,-0.009279272749692797,0.004624105424981999,-0.0130271822460684,-0.0136020376094678,0.0125529942069686,0.007508797516828302,-9.507505071150056e-05,0.0079935499716181,0.0011518095560929986,0.0012630988871013007,0.010317855661430203,-0.0039005412690452995,0.0,-0.0026256382253269,-0.0048456663372333,-0.0049512874393482995,-0.0101911710061883,-0.0019342365798306002,0.013054111721458499,0.016780269715639,0.0116219390376739,0.0088924841216953,-0.011893917000000002,0.0,0.019791339999999998,-0.010189991999999998,0.019863793,-0.007307480000000003,0.00810393,0.005096492425237801,0.26511284496633525,0.0,0.0684984081647535
2016-03-14,-0.0178149270666498,-0.0178139753197301,-0.006105339032501,-0.0231912789046144,-0.012904624732667798,-0.0398402446309462,-0.0424249958704352,0.0079551214833303,-0.007063501361541699,-0.020541755082495,-0.005609677028926,-0.0182770687625889,-0.0181283096736766,0.0027823445590802005,9.769918428960005e-05,0.0,0.0,0.0020667662476599007,0.00031677314028680004,0.0020785042257884,-0.0009685230781307,-0.0135942246592856,-0.0006235626167194999,-0.0186148699477776,0.0157006988243281,0.019029116999999998,0.0,0.007882961,0.048169238,0.014050942,0.035165463,0.027768299000000003,-0.007546888210312602,-0.04841232627293829,0.0,-0.0522785080655739
2016-03-21,-0.0062628350092481,-0.006263667467564101,-0.0044939725262428,-0.006247511526823401,-0.007924971571808501,0.0012023924977250001,0.0023643239430209,-0.0025740485392604,-0.0055082154320949695,-0.006483179083434799,-0.00522007510166569,-0.0063272321005051,-0.0067623794179005,-0.005536835188842499,0.0001953697378489,0.0,-0.00010516905935959998,0.0008972634069894609,-0.0009506206155542001,0.0021538838050522,-0.0024254195736637,0.0091832116193236,0.007092954361942,0.0099987692569865,-0.0071172936887185,-0.01667261,0.0,0.013370617,0.019622828,-0.0007548159999999997,-0.0023630839999999997,-0.0069824,0.026087414055160102,-0.016872747792909926,0.0,-0.0619580590254338
2016-03-28,-0.0026501632906758997,-0.0026513546836885987,0.0120509241871616,0.005335838011638099,-0.002980616209148101,-0.0011858716598463995,-0.002202617587119652,0.0044817639670052005,0.0117302382197545,-0.005581002742195599,0.011022629120727299,-0.0027765514022991006,-0.004950529281579398,0.010964901305559101,-0.00039077765249131605,-0.0425018349421866,-0.0007364932733348001,0.000269022106272,-0.0006342494927205,0.00031869970790009995,-0.000850288541967,0.0013584702039176003,-0.0090615601528054,0.0053819337674033,0.0141746093973048,0.0065354060000000005,0.0,0.024778111999999998,0.047297503000000005,0.019456044,0.040068385000000005,0.017012159,-0.006591178479360115,-0.044550332441863,0.0,-0.009632914621777502
2016-04-04,0.010368460522282701,0.010365104386123699,0.0072820101824862,-0.004035179870805701,0.007965433930467298,0.021024983469339,0.0248907337269627,0.001801265508852192,0.0070292441454193,0.011195370396990499,0.0065169341811382,0.010519506440441799,0.010404935128997499,0.0074328039206863,0.0004884482097793842,0.0,0.0007364932733349,0.0021495753910741773,0.0005285691755813999,0.0011146497969363994,-0.00048620397213999995,0.0136475340825174,0.025065024259641598,0.009232111184967898,-0.011752469670727001,-0.036225319,0.0,-0.020911791000000002,-0.013647336000000003,-0.013341081999999999,-0.012165638,-0.009851374000000001,0.0024623030726848,-0.2552528198127982,0.0,-0.2139476916893043
2016-04-11,0.031940954375707806,0.031940330885639495,0.0065401734694488,0.017665905921322597,0.033648856431013806,0.024468941410027402,0.025486167258646795,-0.0045759809708987,0.009547032147726698,0.037021889920637,0.0081686798216082,0.0325801924104112,0.0318749431295006,0.007316256070103701,-3.572446158339737e-17,0.0,0.0005257347263722,0.00017892288471410588,-0.0021159550848611,-0.0028687564498595,-0.0010948240251783,-0.0100686828748167,-0.021776392756609603,-0.0055443453589343,0.0253136453695409,0.06908518400000001,0.0,0.022350417,0.040395657,0.026673125,0.010892020999999998,0.022139847,0.0143538788267292,0.04437545410881741,0.0,0.14427063354294173
2016-04-18,0.003337003696773801,0.0033429583437919004,-0.0016229326158064819,0.004463450707284801,0.004289238130190899,-0.0008583811125834999,-0.0016582926824840003,0.0043024055051719,-0.0039368977390225,0.004694830069167502,-0.003126635877598101,0.0033207630282842027,0.003449677560018399,-0.0033340640171541994,-0.0012704619348720679,0.0,-0.0008413082839274001,-0.0043928530007351,-0.0032886042474441,-0.0101059570393834,-0.0012178786062625,-0.0064556990921747015,-5.1301782748100835e-05,-0.008974612618497697,-0.0031323776906033588,0.033378845,0.0,-0.072078159,-0.023434315000000004,-0.055661797,-0.03870014000000001,-0.004021012999999999,0.073818591185869,-0.17909440904087331,0.0,0.0415112156993076
2016-04-25,-0.0072774743094647,-0.007281613849625099,0.0029782159205449044,0.005484238234513399,-0.0044824563630953985,-0.0196957911666416,-0.0235484221397527,0.0052816181686406,0.0032390403192136177,-0.009524182558571001,0.0034420327370683,-0.007496923048817401,-0.0073989023202088,0.0009128535039967991,-0.00029341288293043845,0.0880567070464645,-0.0008420166795770999,0.0003593244738628715,-0.0013823171960269,-1.0004475546609992e-16,-0.0010973603491006,0.008482329395225901,0.0051026113504642,0.009775272027806899,-0.003050932756410299,-0.012109922,0.0,-0.037584356,-0.020613543,-0.041357507,-0.119890709,0.000875504,-0.0369914839999046,0.2966511731270386,0.0,-0.08134119451391911
2016-05-02,-0.015968688906004398,-0.0159650740614366,-0.0008569465741285003,-0.019349618347066697,-0.0171119703668203,-0.010862596911199403,-0.009575825701002003,-0.0027411338451081993,-0.002075274582153901,-0.0189015483422607,-0.0021419810594314,-0.0162030262693527,-0.015986977819117995,-0.005217571677557301,0.0007822431219256377,0.0,0.0001052908661149,0.0031385937973734484,0.0015948118844592001,0.0053865146117111,0.0,-0.006942131834867001,0.0052000306266681996,-0.011613239955494101,-0.0109852993063376,-0.025642478000000003,0.0,0.010373123000000001,-0.005644948999999996,0.024145257,-0.010940749999999999,-0.004297355000000001,0.03494574297264229,-0.0890030582678078,0.0,-0.04810080931422981
2016-05-09,0.012687852953332666,0.012685633780065394,0.00829920386585,0.003223258543150833,0.012610296801329102,0.013036539627686201,0.0145102020564543,0.0021662754138690003,0.0089327472967605,0.013627638847739904,0.0082875109066218,0.012872471168618125,0.01257885684308046,0.008194022867103901,1.3713802229226024e-16,0.0,-0.0001052908661146,0.0018784387651444405,0.00021244954403240005,0.0013621251254727,-0.0015872050215678,0.0036379820051699006,-0.0062797867650747005,0.0074617031157593,0.0038639193842565003,-0.006514633000000001,0.0,0.013600347,0.14835168099999999,-0.0004827000000000017,-0.024013421999999996,-0.005110537,-0.013819790198658597,0.1835776508996998,0.0,-0.06070266683848869
2016-05-16,0.0169694894324751,0.016971443753258,0.0127583166557101,0.006457635959589599,0.0173578588552199,0.0152487850292212,0.016548969352486398,0.0153885044587747,0.012203238505532558,0.017913767714162,0.012506819898826599,0.0169959629331717,0.0169209882905542,0.0146178496137458,-0.0009778995498636,0.0,-0.0013697910576562,-0.0016993877351227,-0.0018072614284917999,-0.0032079584812993,-0.0008556934694851,0.0012239602212827997,0.0009266184563929006,0.0013346169682111005,-0.0090505393347523,0.037050137,0.0,-0.009046335999999999,0.078577505,-0.004313803999999999,0.050619228,0.00017664999999999868,-0.022282554203177603,0.18648578873138605,0.0,-0.018915962695713703
2016-05-23,0.0263894162750051,0.0263848628594531,0.0122816045370992,0.0169219893731224,0.0216705470587762,0.0470347473000529,0.0513871398901095,0.013591097643778,0.0139923952515131,0.028997462245481203,0.013952115680241,0.0266046174225295,0.0264346484263831,0.0144559202031541,-0.00019569471686708173,0.0113344602952942,-0.00042185193622840003,-0.0008059822224693635,-0.00042571307582080003,0.000562136132048457,-0.0007340347772696999,0.0026102097745860993,0.007092589085417599,0.0008966176880420996,0.023605438632466,0.029783526999999997,0.0,0.033031972,0.034803468000000004,0.035244734,0.052474072,0.009756200999999999,0.1839675526286905,-0.05624164671983118,0.0,-0.027608560284551005
2016-05-30,-0.011845147730285699,-0.0118428161240279,-0.0034102339970713018,-0.0033767107480915546,-0.0118737091984255,-0.011721049119744574,-0.012911595663416386,0.0156593099514894,-0.005951226529741,-0.013510793807716099,-0.0038775382336155616,-0.012309661260084499,-0.011743667305457398,-0.0001647631533403561,0.0015644864831804643,0.0,0.0010542963549062,0.0050936171965854,0.0029761926730459,0.007757246304373599,-2.0003530082357557e-16,-0.0009085716190126996,-0.0015943534289653992,-0.0006428877084839,0.005919610664699699,-0.012147469000000001,0.0,-0.010181608000000002,0.012556994999999998,-0.015828246,-0.024513257,0.004015323,0.0923882026656988,0.09074695881342851,0.0,0.0036553397748812005
2016-06-06,-0.0464797643862701,-0.0464769821649959,-0.0386956325051787,-0.0390190257555429,-0.0458783526257129,-0.0490824394264551,-0.0505327354181998,-0.029990559007866603,-0.0421783831231329,-0.0476370000665332,-0.0409897813900872,-0.0467636030038575,-0.046599997810336094,-0.0332937671091062,0.00263453340652,0.0,0.0022104108784116,0.006131444987685197,0.0056093706906405,0.008408743818619701,0.0014675311426741,-0.0121416630017777,-0.015031503675830544,-0.011040527422009401,-0.014492419045401002,-0.012453445,0.0,-0.006003718000000001,-0.006042315000000003,-0.0036349779999999988,0.009250383999999999,0.016330814000000003,0.1847829180674111,0.23371317442898398,0.0,0.0094332347368465
2016-06-13,0.014581722337826801,0.0145762768024236,0.0124415778220692,0.02082134759836,0.017161841181838104,0.0032962255285327,0.0007334839361807025,0.007709915994483398,0.013182891665513001,0.0149890551193904,0.012647425871863403,0.014699899483075402,0.0145280142364624,0.0123783528828032,-0.0005848523414588002,0.0,-0.0011572248937533002,-0.0024835918389684995,-0.0023245995252428,-0.0032440587060736997,-0.0007334963654044,0.0079775441648057,0.0169589008379643,0.0044759848072182,0.0020133057918857995,-0.024739623,0.0,-0.026573732000000006,0.01119254,-0.040271413,-0.036056646,-0.006534866000000002,0.0455822403920809,-0.39661082331269687,0.0,0.12903397400764938
2016-06-20,-0.0424090216582344,-0.0424088429776828,-0.0564463225977406,-0.08115694798790751,-0.0453879905214402,-0.0292511090525265,-0.0218122896263171,-0.03650380486511565,-0.0597828979080031,-0.039253108939476,-0.057491917530527,-0.042510701800108505,-0.0422446588019317,-0.053662800675847305,0.0025318934549984546,0.0,0.00021050415823430004,0.0015086305386066,0.0041171871302698,0.008365607938279899,0.00036681543481559975,-0.007473743530504499,-0.0137832681889078,-0.0050249566921639,-0.040512030163674106,-0.043984789999999996,0.0,-0.006002397999999999,-0.021417801,-0.027422754999999997,-0.020453212,-0.025689445,-0.11783947957399199,0.15928843795675818,0.0,-0.034943806457931305
2016-06-27,0.0592356497454771,0.05923679257666571,0.0599695999589537,0.0626152610486436,0.05920465826882089,0.059369346327532095,0.058916559055972394,0.0485905347489192,0.0606958068077849,0.05918122872044199,0.059500339891784285,0.0594193481069668,0.05920004667318529,0.0579937361911773,-9.726207273139998e-05,-0.0139761287430844,0.00010523546444879997,0.0020374724681443087,0.0012634240467719,0.004469719262679701,0.0006110602084425,0.0326424521980193,0.04063761325686209,0.0295344634596062,0.0430529011792604,0.027471528,0.0,0.026340725000000002,0.02013273,0.035906340999999994,0.026310356,0.030680436000000002,0.04240859277743389,-0.190907786220538,0.0,0.09379603504683531
2016-07-04,0.0090297784553954,0.0090297179161485,0.009118759711407803,0.003972411579389996,0.010673845247877999,0.0018059400151230979,0.0015028231433627994,8.659456924959945e-05,0.008377380205693303,0.0093315843911795,0.007559657300931598,0.009182971785175398,0.008981709086323,0.009424826140115099,0.00019451468647200003,0.0,-0.00010523546444859999,0.0030925582411972,0.0007362608799593,0.0036705886813311,-0.0012224940397810998,-0.0002476711845112991,0.001893866622564697,-0.0010958587497021683,0.0230077995534556,0.009261647000000001,0.0,0.022038375,0.085992855,0.010546066,0.008204854000000001,0.019886735,-0.054099306841283695,-0.09235927049385032,0.0,-0.0728540515738275
2016-07-11,0.006132158126903901,0.0061339743226921,0.009329652276172901,-0.00041705457959250077,0.0095323535304393,-0.009007291867507,-0.010215327727898998,0.005943818177187601,0.0109231471853443,0.005238118817854199,0.0104345598533022,0.006136806026068101,0.0060091974682477,0.008185236101696601,-0.0026291460687391,0.0,-0.0022125068289072,-0.005218710707625899,-0.0051652462912919,-0.007433233239609701,-0.002694759102543,0.00890089089693,0.007672429987029301,0.0093888186360096,0.0138151149952764,0.037302919,0.0,0.026416668,0.035735333,0.024564212999999998,0.021488597999999998,0.0032763929999999994,0.0385385298226042,0.05355484847701688,0.0,-0.007993416757701901
2016-07-18,0.004535989696684401,0.004536312391907601,0.007032147978104099,-0.00881590087996,0.0087883155532202,-0.014801972757716199,-0.0156507266109406,0.009365751204220769,0.0063524339062415005,0.004095743295470224,0.006648074381737,0.0044530629832467,0.004447768373244278,0.008356246944806701,-0.0011707318410351954,0.0,-0.0014777287890675001,-0.0031977287863209996,-0.0029635923468862998,-0.004249967045487199,-0.0017186353358691,0.0046670504700363,0.0134020801895374,0.0011889549224438998,0.0007335014410711003,-0.0021837310000000004,0.0,0.052065789,0.036699656,0.031643313,-0.001215519,-0.030831980000000002,-0.028647212430579203,0.2262634262339056,0.0,-0.0370213032961806
2016-07-25,-0.01866686459606387,-0.018667688431192098,-0.00011272721591350059,0.0180703347242695,-0.020743567975228798,-0.009169729318807,-0.013107712952434899,0.0031237390760915,-0.0003637539112653996,-0.022613871482821603,-1.8946836314699504e-05,-0.0190510438809463,-0.018493754442414113,-0.0002857073967559992,-0.0001952552969203732,0.0129922532117584,-0.00010563566269799997,0.0013336298931503998,-0.0010605579528390999,-0.00023663971713670014,-0.000860426578804,-0.0034949162807153995,-0.0088406162357477,-0.001361384571574701,0.0010877281383658002,-0.0010936660000000005,0.0,0.0019426060000000004,0.04348900400000001,0.041357094000000004,0.05472845800000001,0.006208567000000001,-0.0759269501929427,-0.2347090662307646,0.0,-0.0559764830669455
2016-08-01,0.0188999941016856,0.0188996210247009,0.0161772299225814,0.0178527128054601,0.020962243009248798,0.009480601878965598,0.0082455651466978,0.014479562530913502,0.017293939899028,0.019299056512581,0.017024050747175,0.0189764041026598,0.0188531806837166,0.0153344930789082,-9.764194705800001e-05,0.0,-0.0003169739579606,8.884545339220003e-05,-0.0009554648001148,7.888612791550004e-05,-0.0008611675502988,-0.0011370623938446996,0.002200159826452987,-0.0024690020571032,0.004618860943631199,0.035775704000000005,0.0,0.022331686,0.019081237999999997,0.019509188,0.030896727,0.0003437660000000001,-0.025421274193862184,0.027387169505483325,0.0,0.0202000660486622
2016-08-08,0.017142339102488458,0.017143325056435142,0.019848240643922002,0.0291738032258092,0.018608471093553798,0.010370321615479199,0.007553557967585901,0.0111069757227086,0.022109970412128,0.016309124765076587,0.021060829001359197,0.017243324030160056,0.01697594339092178,0.019148034868399798,-9.765148193878454e-05,0.0,-0.00021137180378839998,0.0007992540721197999,-0.0011690314312926,7.887990538480013e-05,-0.0006155740422144999,0.0052699136296233,0.01605877439975786,0.0009273099175332112,0.0042369842659795,-0.014891675,0.0,-0.0003451239999999996,0.07988409099999999,0.00014872500000000016,0.006491685999999999,-0.0023228649999999995,-0.0411249337134046,-0.0024039069512365053,0.0,0.003010341305117103
2016-08-15,-0.0176199187738808,-0.017618561835127902,-0.01625581654107,-0.0034944590680984,-0.017763870973518604,-0.0169481529112954,-0.019001800299549003,-0.004152150222774001,-0.016995019014413703,-0.018013971066100802,-0.0157690859388743,-0.0178485642979044,-0.0176038861823076,-0.01477580954037675,-0.00029301167372786254,0.0,-0.00021141649127349999,-0.0011546832565973001,-0.0008510638811570999,-0.0020529024185725,-0.0007391893893311,-0.017726602309494,-0.0194199586999043,-0.0170353760264737,-0.0034348813383845,0.008233022999999999,0.0,-0.005538263,-0.012450280999999999,-0.009211568,0.010848685,8.608799999999936e-05,0.033821454461711996,-0.008729053143032808,0.0,-0.007438743818394301
2016-08-22,0.0028822840607823997,0.0028818952289189,0.0013438387943359997,-0.0137312234699158,0.0055112478199553,-0.009379378584215,-0.008711235728917702,0.0132382210543689,-1.131963495800011e-05,0.0032258455532265997,0.0012702740944554997,0.0027032083137111,0.0028124299451301,0.0012254569269180002,-0.00039081583301537074,-0.0489709136843015,-0.0006345177877860999,0.0007107320839338086,-0.0019175461292714998,-0.0017403690810029,-0.0011098095966158,-0.0004390096354271993,-0.0028212693518757,0.0005210422132787005,-0.0010359797581167007,0.005451255,0.0,0.0070903879999999996,-0.003701025999999998,-0.008073496,-0.022377225999999997,0.00549692,-0.021788151087139003,-0.012404780663382402,0.0,0.0215815551082004
2016-08-29,0.0149601086798581,0.0149590457301734,0.0133006564323389,0.0210253334424043,0.016697006355606697,0.006750778977121901,0.004547652147518201,0.009027824668567299,0.014867319124546599,0.015100402668376497,0.0142996222462725,0.015061981473066699,0.014879780496834,0.012671584840323,-0.0003909686297479161,0.0,-0.0006349206562497001,-0.0015109099439215305,-0.0022417943736185004,-0.0034898512576575,-0.00024679170905130004,0.004672862637116799,0.0119271922214318,0.0017426395451221998,0.0027937712533130615,0.018996862,0.0,-0.00622303,0.008028303,0.004590918000000001,0.007360168,-0.0030883020000000002,0.055037373445720204,0.0646193259155905,0.0,-0.0329927994131136
2016-09-05,-0.0138115369421709,-0.0138142452825708,-0.0194547491226313,-0.0189115894270608,-0.012954342235759201,-0.0178863033281101,-0.017726816170122,-0.005298900211820111,-0.0207660748197408,-0.0126550872978931,-0.0192580071384897,-0.0139588411338016,-0.0137717546822656,-0.0175459291882196,-0.00029332681706270005,0.0,-0.00031761156373059994,-0.0031179037329167004,-0.0035330051202652,-0.0080571613730055,-0.0014820306528855,-0.011114603469282001,-0.0176779129159081,-0.0084667456042998,-0.012629266333434001,-0.012524333000000002,0.0,-0.025642414,-0.04933405,-0.010584458000000001,-0.043637845,-0.038358463999999995,0.002721287797281203,0.014968039198065792,0.0,-0.005878605560863701
2016-09-12,0.001030682231224901,0.0010308901775704996,0.0118956474889421,0.0029955957449244,-0.0012802835809834004,0.011971681263491478,0.0133680220603423,0.0134819134506867,0.011547472424771901,-0.0012490807658798002,0.011738657046890002,0.000812477260681,0.0011441622922475003,0.0127511370713453,0.000977421639734708,0.0,-0.0004236390658570999,-0.0007140307336568593,0.00010724435636859996,-0.0008814456278056003,9.996344030316351e-17,0.0007863220408043997,0.0004629597237592008,0.0009011264689883997,-0.009269148948488777,-0.012531332,0.0,0.018332984,0.05427942299999999,0.011963937000000001,0.10824594400000001,0.019888388,0.0016164816183565,0.1033743399629011,0.0,0.15096206238730062
2016-09-19,-0.002183747553197002,-0.0021813332813970018,0.0009385008443666982,0.0224966829959133,-0.002852798724051007,0.0009339244446340995,-0.002463097109577799,0.0005961146903624001,0.0012092818059397017,-0.002905596259516101,0.001150680468553481,-0.0022327982392352994,-0.0021704902436234,0.000940627045886799,0.0009764672194683627,0.0,0.0005295207960635,0.0047209814668113,0.0039599773479995996,0.0106057371452014,-0.00037085110753220005,0.0017648272879999005,0.0007150618973404983,0.0021875927571441997,0.003257711936864499,0.021493274999999996,0.0,0.003139173000000001,0.033025867,0.021068079,-0.019418038999999998,0.014941258999999998,-0.0019452713931727011,-0.0281349197481986,0.0,0.149378015007689
2016-09-26,0.0018844096259118992,0.0018828787667463007,0.0097411239923442,-0.0017679155719453,0.0025349978300640993,-0.0011433720486702013,-0.0010443056998513996,0.0040948428355278,0.0096720722005776,0.00030562673263459994,0.009130434009693201,0.0018452353962522005,0.0018738134741826005,0.009261566435539801,0.0002927543324154,-0.0717352222233422,-0.0005295207960632001,-0.00017774617892489996,0.00032039301817320023,0.003958206561179,-0.0004946821767956999,0.0076861226998663,-0.0046711496217162005,0.012614247049438098,0.0070113815424748,-0.009862663000000004,0.0,0.0029557179999999995,0.053507933,-0.013465188,0.0030120849999999994,0.0052457050000000015,0.006703919815889901,0.0479093054496227,0.0,0.015696378435908907
2016-10-03,-0.00021643116311910113,-0.00021404109670730004,-0.004476890768533701,0.007931121990838801,0.00028749476071189984,-0.0025662113326251,-0.0042488826566745,-0.0053823134647305,-0.004060256676040799,0.0006512182154456998,-0.004188625243287499,-0.00012508867507409968,-0.0001279831834110996,-0.004532218829556901,-0.0010738518140341563,0.0,-0.000741800489693,-0.0058834186468417,-0.0025660230053401,-0.0082507409742397,-0.0008662830812152,-0.016797076696024184,-0.029328034184873203,-0.01187437185494,0.0011376092013625004,0.022569704000000003,0.0,0.003466226,-0.024674311999999997,-0.004175034,0.008894356,-0.08108148300000001,0.0111460376579061,-0.1348363418336291,0.0,-0.013800705108260918
2016-10-10,-0.019626271613562198,-0.0196260964070681,-0.0125914378302808,0.0112039784951925,-0.018228786901110797,-0.0261792131936852,-0.0323460607050707,-0.0036672706390572,-0.012144829801144601,-0.0214439884593413,-0.011321735327005302,-0.019909156583595503,-0.019757321641572997,-0.0125152028655502,9.767055728805277e-05,0.0,-0.0012729396011853,-0.0023272477385285,-0.0017143473608324,-0.0023927272541759996,-0.00012381600956789997,-0.0042755346151434,-0.0078026453069481,-0.0029098069198258995,-0.0173237964775846,-0.008700254,0.0,-0.0065961180000000015,-0.01294815,0.004846425000000001,0.030819481000000003,0.019080005,0.032110822931636994,0.0210020362678236,0.0,0.006506460678973706
2016-10-17,-0.0010367794396766994,-0.0010403704886911003,-0.0005923089017967004,-0.0024031893569877996,0.0003338378336593985,-0.0075237208040222995,-0.0083895757792486,0.0041005821518023,-0.00027889797486640045,-0.0012984256751217014,0.00014928042429280045,-0.0011296017802376003,-0.0010483774517647008,0.0016939596448536996,-0.00019535065504575695,0.0,-0.0004246735386044,0.0008957363551250072,-0.00021450021532259987,0.0009577780283611056,-0.0013629888734188,-0.0023312083656536996,0.008288295090521201,-0.0064552360490695,0.011608819822196692,0.014263914,0.0,0.038269138999999994,0.023216861000000002,0.023898058999999996,-0.008794797,-0.00036711700000000014,0.022535387721031298,-0.0030032766417155987,0.0,0.121175188564796
2016-10-24,-0.0179490828178457,-0.0179476151734381,-0.0054052688173043,-0.0056816129067369,-0.0191888809748699,-0.0120839296471126,-0.013172964061923902,-0.01356993094183,-0.005766737812226299,-0.0204820136594073,-0.0065277746494282,-0.0180278387632149,-0.017951452948431798,-0.011214471319981241,-0.0006840279740987933,-0.0128106169135538,-0.0012751037749322998,-0.0042169547933176,-0.0023625440542267007,-0.007848830938652402,-0.0006201550586353999,-0.0017746632562639602,-0.0044739879254590015,-0.0007112628771705003,-0.011773423069955,0.009011732,0.0,0.0035137489999999974,0.043743341000000005,-0.005475683,-0.025009987999999997,0.007952914,0.06972610147094291,-0.08458830096143949,0.0,-0.10077188919499208
2016-10-31,-0.011537739536498202,-0.011536313227903699,-0.009975794847659696,-0.005406248169341998,-0.011640717915208001,-0.011050189887044398,-0.0120183000446199,-0.007378891615502602,-0.0087629837212977,-0.012188585435030295,-0.008628712322444498,-0.011612673271742202,-0.0115284573522371,-0.0082031170908846,0.00019548431300649998,0.0,-0.00042539615657970003,-0.0010795251138336001,-0.0022603744622209,-0.005967759646814,-0.0011172492006932,-0.0074469231476642014,-0.011884546997575301,-0.005726278859015,0.002522507778885099,-0.019727373,0.0,-0.019565476000000002,-0.043299257,-0.04806445300000001,-0.043860411,-0.01449036,0.0030752704799276963,-0.017371068123771996,0.0,-0.0107334020315432
2016-11-07,0.0157695087333446,0.015766403377674598,-0.0084338754546355,0.0010002379177224486,0.0129798486329302,0.02880371065943831,0.0335089411864404,-0.004697091495421301,-0.005397650877450799,0.020437684162173203,-0.0053288886643431,0.0161364859170181,0.0161040544789591,-0.010311169450705999,-0.0030343095761593457,0.0,-0.0034096996273625,-0.012863661391524901,-0.008114732113067801,-0.0229913993082403,-0.0022382501261681,-0.020106313353838202,-0.0206908039204126,-0.019881346604635402,0.0152154379127336,0.123799268,0.0,0.0052663169999999995,0.26383175,-0.012042467000000005,-0.0037740730000000045,0.045154374,0.0026843918343284947,-0.08113310506722492,0.0,-0.001348885831240404
2016-11-14,-0.0026174435142836995,-0.002615403171013799,0.014643222448389398,0.0082675524859169,-0.0016432088462195,-0.007145913924159499,-0.0097347802677228,0.0062019725132385,0.0138963133680262,-0.0060934864506643005,0.013149511716666803,-0.0027745328695121,-0.0025183934561890994,0.018327347701203,0.0017629779296900318,0.0,0.0014931743388613,0.0028224173149661996,0.0026038855983987,0.0036351659329897,0.0004978220389059999,0.009384342858153798,0.028921786090611704,0.0017625433802850013,0.015578967102663401,0.013212589000000007,0.0,0.022284546000000002,0.05946714,0.005453145000000001,0.014920831,-0.010295569000000001,0.047405850004579864,-0.035297983130405296,0.0,-0.0678536654630802
2016-11-21,-0.002373469996664799,-0.002370272637491801,0.0021941811961304993,-0.0069674058586811005,0.0008490902332531003,-0.0175343361844678,-0.0193363824653711,-0.0047112528248528995,0.0035693444845455,-0.0035234881886963988,0.0027720133046299,-0.0023318811130012985,-0.0024163836370988,0.0020507494250948995,0.0007825491938034606,0.0387732558131432,0.0004262120469421,0.0030864222031892,0.0005416238013573999,0.0041148934697908994,-0.0004978220389059,0.002011538219587298,0.010263060530132217,-0.0012699340308153007,0.0016091278273782988,0.014309723,0.0,0.0029781790000000005,0.008532518,0.005474915,0.015596476000000001,0.018386385,-0.004657439617166799,-0.09775765170598831,0.0,-0.07665610369232351
2016-11-28,0.002140683400396899,0.0021364215177404004,-0.0010949414186834996,0.031106190668924,0.004559964487691001,-0.009430224843007802,-0.016555840055855302,-0.0109959357235535,0.0015363480464488004,0.0025388535899323,0.0003510637899659004,0.002370485302496299,0.0020379594519823983,-0.002842878055388601,-0.0012719535984234845,0.0,-0.0008526058280534001,-0.0055442087028121,-0.0032541519116778,-0.0092409898537299,-0.0009963881755956,0.0018882239285589013,-0.020433249560683403,0.010674202592853298,0.0013571078895618996,0.03453557699999999,0.0,-0.021373314,-0.06255812899999999,-0.020419071,-0.017051249999999997,-0.015179853,0.0306304639658226,-0.24606900305115997,0.0,-0.08552469607934429
2016-12-05,0.0197477091464636,0.0197477102074984,-0.0016291642523699,-0.0021608743883853986,0.0215014439095398,0.011269650916452299,0.0136671677778743,0.008444620716307501,0.0004377144901195002,0.0238499771792932,0.0011940299926076004,0.0199449200650298,0.0195885797905079,0.0008507798717008004,-0.00039169604887827385,0.0,-0.0010667805577503,-0.0028293725807039,-0.0025020410115564997,-0.00723766730023025,-0.0013716568021266,0.0037738542356061,0.005725655912855201,0.0030152527244657994,0.023422794062662698,0.046570149000000005,0.0,0.04488463300000001,0.037392763,0.05718530399999999,0.036188859000000004,0.033062321,0.027798961581540695,0.22257286092073789,0.0,0.052133615001776594
2016-12-12,0.0217635488108555,0.0217632867325844,0.0119493257976372,-0.007273011060631001,0.0207289241950296,0.0267763835574438,0.0326885260871098,0.008285835111015499,0.0119702686740848,0.0239654089831159,0.011628123681929801,0.0219931905212539,0.0217587511291574,0.011759461071732199,0.0005874865536639,0.0,0.0005335325314628001,0.0041045344257757,0.0014149662224732002,0.0061595000798847,-0.0006241028724074,0.0104270418066056,0.005313555449297499,0.012421187234758,0.002464881134866599,-0.006454238000000001,0.0,0.005310998000000001,0.089431705,0.00048171800000000077,0.017571816,0.0012896560000000008,0.0160570673415813,-0.10877825784252261,0.0,-0.0350151816103349
2016-12-19,0.0047615742300807,0.0047620869664564,0.0127340629705652,0.01216167574584,0.0052267873143428,0.0025102654987014996,0.0008641065153510994,0.0170305003003134,0.01177180138452727,0.0031231776021623,0.012279965073965698,0.0045462254710982,0.0047762648442163,0.0132221553366541,-0.00029370013427628934,0.0158937143452045,-0.00010668373616549997,0.00136444283687,0.0010870747890833,0.0062867276293999,-0.0001248673286258,0.0006364414070094008,0.0145366985376659,-0.0048154519727033,0.0028026614923641006,0.024537552999999997,0.0,0.014975633999999998,0.08921652,-0.002522243,0.004731361,0.005227779000000001,0.13535226748112908,-0.04957875961724891,0.0,-0.0340163671415612
2016-12-26,0.00706038903668332,0.007059304418960027,0.0080422362439118,0.0050663611990155,0.0065579620245948,0.009490991281684902,0.0102479592721838,0.018011760564887,0.0075852758815726,0.006721953892648301,0.0086029117666787,0.0068651084692692,0.007053349704733283,0.009847389352806086,0.0004894523126443,0.0,0.00010668373616580003,0.0019070977037442998,0.00043449924646209994,0.000329788114127723,-0.0003746955642412999,0.0092791302672486,-0.0045715519033778,0.0147117083587484,-0.0048821426370788,-0.008768973,0.0,-0.017547156,-0.028082430000000005,-0.019185042,-0.006025635,-0.009792182,0.1184573676159684,0.1413514574663226,0.0,-0.0023835913915817974
2017-01-02,0.0125114044575111,0.012515725196025299,0.0103561684701796,0.006097701816683499,0.0106649162645629,0.0213914138984762,0.023977013684726,0.008126556615082,0.008906756308343,0.0133179031409428,0.0088304042860344,0.0125899556076011,0.0125722201032963,0.012097475074714302,0.0006848310202593,0.0,0.0003199829369738,0.0017223409959560999,0.0007599197022050999,0.0034562246386769,0.0,0.0102295238740901,0.0151199615522218,0.008322989869721,0.004890957520127501,-0.00197202,0.0,0.011201926000000001,-0.034696542,0.040508511,0.017884393000000002,0.022869822999999997,-0.1237400601486423,0.20895606549779094,0.0,-0.0231071922324169
2017-01-09,-0.0058381097847912,-0.0058417410196195,0.0013559525268936,0.029014517238420096,-0.003554539872030001,-0.0168312298073421,-0.0247233689988529,-1.0759423802803232e-05,0.0008186306491430005,-0.0072800112864534,0.0007372154421147995,-0.0059424016237523,-0.0059911587156018,-0.00013641395710800044,0.00029335550007477036,0.0,-0.0006400682958014,0.0021713570460131,0.00021701388974050008,0.0026253194174638995,-0.0008748360240512999,-0.0046023124133103,-0.001139641848478244,-0.0059563051097956,-0.00044524874049099977,0.006712143000000001,0.0,-0.0022303500000000007,0.003195682,0.006919667,0.009537915000000001,-0.0038884370000000002,-0.08225987862965528,-0.0690682071682803,0.0,0.0960231612093265
2017-01-16,-0.0132192235339956,-0.0132198240940614,-0.00024316470080080013,0.0024267560813065006,-0.013968603140720601,-0.0095945291547154,-0.0117355993717502,-0.0021641351123038,0.0002709169857843586,-0.016158443513915398,3.268935308070012e-05,-0.0134188667066855,-0.0133022157495351,0.0007133441103676999,-0.0007824726533817,0.0,-0.0010676917520786,-0.003984429793607899,-0.0024985076274909,-0.0074013495764342005,-0.0011259149247217,0.0046976429935119,-0.007439499242904299,0.009422714347711799,-0.0011868285499527997,-0.035573383,0.0,0.0006377709999999997,0.005592032,-0.003339143,0.008032141999999999,-0.002119594,0.10220090777001331,0.11591218271689649,0.0,-0.013454853597027503
2017-01-23,0.0097313906119351,0.009733693363941,0.003614681123768019,0.02555804337708,0.009624954240307498,0.0102396423015991,0.0074797447577600006,0.0069081251021890465,0.004017866178913002,0.0109417634296849,0.004301396038951101,0.009782224144758898,0.0098037811511964,0.007775230633870801,0.00029349899931831435,0.0050920881115937,-0.000320529945583,-0.0008169564290437777,-0.0006528125571842999,-0.002562090744063501,-0.00025037556465290007,-0.0099166756375603,-0.0036901605335895003,-0.0123349992666659,0.006907046662851001,0.038222729999999996,0.0,0.047316592000000005,0.071956066,0.020153634,0.016119311,0.005079549,-0.0006842695369968975,-0.0233368348338146,0.0,-0.0484549354958885
2017-01-30,0.0024710727454258993,0.0024724347300527994,0.008120016538556998,0.0012582733522600014,0.0013214500268913004,0.007991976269708196,0.009201495953012902,0.015683487763828698,0.011447248828398201,0.0003736901244361006,0.011864033902055501,0.0022299089720633,0.0025257807166192995,0.0120459708188927,0.0007822431219260001,0.0,0.0003205299455831,0.002267677510386,-0.00021769892325019998,-0.0015735644474306003,-0.0015035712643438996,0.031440468645153596,0.019221409929122798,0.0361616047847636,0.005098995186612,0.002871749999999996,0.0,-0.032445284000000005,0.02308305,-0.029909241000000003,0.056821275000000004,0.006481267000000001,0.12040676317492202,0.07454969972335239,0.0,0.010760778969028797
2017-02-06,0.0163710498998376,0.016368265985349798,0.019301959110151503,0.030609181590084855,0.016070508932610698,0.017815657812677244,0.015522263617300398,0.007898777966578409,0.0197176270722389,0.0158807084421278,0.018559801214120798,0.016525901821853598,0.0164230768687376,0.018141133276505003,9.773737973854706e-05,0.0,-0.00010683190010710004,0.0011771631730148001,0.0007617389780161003,0.0038879976180979,-0.00025081515054989996,0.0009986058623027995,0.0158992327937552,-0.0047656149604592985,0.0154478153126541,-0.0020668289999999996,0.0,0.0050125410000000006,-0.006666620999999994,0.017789204000000003,0.023278204,0.022071918,-0.0468423382002925,-0.010583115044122994,0.0,-0.0312001724926878
2017-02-13,0.006808273228509799,0.0068091440412797,0.0100354999719902,0.0030965380361817002,0.0051933935794622995,0.014512280086236801,0.016561510737239098,0.0099669408212326,0.0101808304079663,0.006052120919132299,0.0101600740687374,0.006750666146926299,0.0068421042195332005,0.0100886661862317,0.0003908540210009998,0.0,-0.00021369804547620002,0.0002714563650565,0.0005437442361143001,0.0018971424834717003,-0.0001254311698103,0.0008252715712519249,0.0118965036135887,-0.0035378100790908005,0.0158217731499443,0.036453881,0.0,0.009640923,-0.057883484000000006,0.013917174000000001,0.02688337,0.021996743,0.08634453603567929,0.09802104396702634,0.0,-0.062397089361422096
2017-02-20,0.0014143591936496996,0.0014154436387638005,0.0045382978365571995,0.014252332999074612,0.0014817598803424999,0.0010893647491221,-0.0012757797279609939,-0.0050886574106463,0.005167668110238,0.0007887912383071003,0.0041738794832078,0.0015326036632098,0.0013342721026513996,0.0005695320499064004,0.0012692215518831,0.0245866458972159,0.0009612817829685,0.0038827986837118,0.0019550348358031004,0.006407119010386718,-0.0006273919523192,-0.005197973210819499,0.0004399411649656003,-0.007446818548398101,0.0018457787814395,0.0011076539999999996,0.0,0.0,-0.055311465000000004,0.0014872879999999994,0.006902179,0.003766172,0.0885464859213966,0.21401920089001858,0.0,-0.046106848611416
2017-02-27,0.020939994946446702,0.0209367646806056,0.008765316686983046,0.0036950122116574,0.0139523271610713,0.0532391627884556,0.06195490119017229,0.0124875928223861,0.008908897053459,0.0235823575788919,0.0092542773648195,0.0210932949926327,0.0211647885446478,0.009236938262694576,-0.0017578129526227807,0.0,-0.0021374380265469,-0.005240817995221,-0.0044587100129013,-0.0097088141269606,-0.0018845410439560996,0.0108653598299683,0.0055581779905901005,0.0129844134081553,0.0023434909335615997,0.026977018999999994,0.0,-0.005742282999999999,-0.030318996,0.0014968559999999987,0.02257364,0.009393509,0.0757537434280655,0.2416801299910512,0.0,0.0769016730836057
2017-03-06,0.0036004845118617007,0.0036011825549754,0.010252831493585801,0.031090106165699,0.0039912584546624,0.0018270896925762,-0.0032592445325321,0.0108546215614659,0.0102435891551004,0.0020869904857312997,0.010303322536975001,0.0034691941628637,0.0035321496887841,0.00961648471439043,-0.002054694720228746,0.0,-0.0022492378143171,-0.0078217770311617,-0.0059029467426125,-0.0140712533610762,-0.0015101940952286003,-0.003302417584840542,-0.0157747188652404,0.0016105528697239998,-0.0007749359170484006,-0.016514977,0.0,0.010528042999999999,0.006985643,0.014417171,-0.004589138000000001,0.006554778,-0.032668769622116,0.3773380946542946,0.0,0.052734153176352494
2017-03-13,0.0071529745162462995,0.0071532708991409,0.008485125896930401,0.0078002135794269,0.007218054055532299,0.0069784014234279,0.006868895680940474,0.007948943968811201,0.0081398036625049,0.0069257122254379,0.0081226744301876,0.0071371064175058995,0.0071025176205374,0.011325988299470902,2.1442808466332064e-16,0.0,-0.0007508715826107,0.0010038787062553,9.996344030316351e-17,0.0042672532644554,-0.0011341441578616,0.0014687800336887003,0.0167310880146239,-0.004560499733031799,9.93129189996722e-17,-0.00659487,0.0,-0.0009244530000000004,0.06776797500000001,0.012643087,0.006090400000000001,0.0009441310000000008,-0.1557633399935786,0.4170752338640546,0.0,0.0884376785618425
2017-03-20,-0.010965286333020501,-0.0109651427776872,-0.011548000708823735,-0.00024496335361059995,-0.0130644620735612,-0.001248377099442699,-0.0014338087104419192,-0.007731373506132001,-0.01203045274605986,-0.010816793658609401,-0.0116114693376414,-0.0110257751682581,-0.010930106586786599,-0.008705652944183198,-9.794798969566847e-05,-0.0183705873053053,-0.0006440532639977,-0.00027368517253350015,-0.0004386445952554999,0.0018351690168817996,-0.0010092091180775,-0.0050785223983687,-0.0137430621507166,-0.0016350252171912008,-0.0135228335653229,-0.038100906000000004,0.0,0.0016942629999999997,0.013112485999999996,-0.04361427,0.004632413,-0.018974104,-0.008057148349209384,0.1351050825974796,0.0,0.3190952684118466
2017-03-27,0.0084434867092822,0.0084453758922256,0.0147076740492161,0.0225186844054978,0.007191596725394399,0.0141728205814524,0.012609167638359701,0.002041634438620099,0.015127620168816901,0.007192496001103799,0.0138446527809086,0.0085642547358643,0.008511497439380901,0.011232067893827101,0.001566017741987,0.0,0.0009659244110285,0.004733305760491286,0.002519582863293,0.007555351644449579,0.00012620685319929997,0.0061178350786749375,0.0050613091345867,0.0065354509629346,0.0073397869733664,0.006281011999999999,0.0,0.013451715000000001,0.013493736000000003,0.015045359,0.021245992000000005,0.0008011789999999991,0.08961137151821699,-0.11308173331191951,0.0,1.2357157043951572
2017-04-03,0.006611890724640738,0.006611921338027998,0.0103446841661178,0.0193984083386264,0.007705660617601501,0.0016509602294409998,-0.0017394620985528998,0.0031845134899833,0.010968385823829599,0.005770609571143923,0.010204863505804799,0.006676271620290913,0.0065552591583965,0.010163536263637942,0.0011729060087679998,0.0,0.0007506300282746001,0.003625819780809055,0.0014213089365836,0.0042918520815408,-0.0001262068531995001,0.0015859478012775,-0.001971761711021901,0.0029807292893959995,-0.0007124682235228002,-0.019078800000000003,0.0,-0.0027368270000000003,-0.082240721,-0.006745963000000001,-0.002230021,-0.004816539,0.037173786810270795,-0.0209868283285632,0.0,0.017280310389381413
2017-04-10,-0.0080251317144737,-0.0080232582649582,2.7196675480400945e-05,-0.002138451077350202,-0.007806894556451899,-0.0090120902728664,-0.010340680859384102,0.0034654927354317994,-0.0010016406775312991,-0.009793097482398198,-0.0005598050386257008,-0.008246330168861801,-0.008051724249721899,-0.0012799787247393,0.0005859375167639555,0.0,0.0001071868804283,0.0018983056548012001,0.0006553080182083,0.0032068440095791998,-0.0002524615009621999,-0.0004102394156719003,-0.0009458942339443995,-0.00019768594545549988,-0.0034635417536398004,-0.020870706,0.0,-0.011176768,-0.049443264,-0.0022826420000000005,-0.016104937,-0.014345601999999999,0.005695030082542197,0.10625662295352169,0.0,0.0016891147172066988
2017-04-17,0.0218591822316644,0.0218546091123904,0.0192213639979252,0.0194480897065166,0.024163510044391198,0.011314623268449401,0.009732407098479,0.012585796306046008,0.020546835140775398,0.0223559313567997,0.0197604803941986,0.0220381873961305,0.021701797661623903,0.0188793200012339,-0.0025415458451108998,0.0,-0.0022533407248994,-0.0065235349586724,-0.0043768534693218,-0.0087401611791855,-0.0015161089448621,-0.0006384849053536995,-0.0023582714641517,2.2594657494100527e-05,0.010645515891748,0.0014207330000000004,0.0,0.022079388999999998,0.062809139,0.022094535999999998,0.008612222,0.036705747,0.0460298995896159,0.035126053188732104,0.0,-0.0698508348323269
2017-04-24,0.0245650187337206,0.024568155273109904,0.0436939207255407,0.05791968775800752,0.0227529986383232,0.0328539945416059,0.0278800437727292,0.019258233112374103,0.0447872718481441,0.020319968188355398,0.0423001423000103,0.0246668621019379,0.0245529216409942,0.0448761624209863,-9.788087904852706e-05,0.0003196703693787,-0.00021486893077969998,1.0001765041178778e-16,-0.0009874376796614002,-0.0016576879055020997,-0.0012651823549981,0.012944008851033799,0.025936960298402097,0.007837705364262202,0.005954898247482799,0.028919961999999994,0.0,0.030552532,0.025440774000000006,0.07356406099999999,0.009653041,0.031448646,0.1285194176634366,0.421980738196008,0.0,0.5631087185076264
2017-05-01,0.0188584589105432,0.018856630307541297,0.0053994436308013,0.0065393060047644995,0.0179349573446635,0.022956232536168398,0.026222981136982695,0.0006109085023717,0.005067999575091,0.0221206730542741,0.0046297028328013,0.0191993058000312,0.0187579948614245,0.0014164499191690002,-0.0006854345433598,0.0,-0.0012901840301658,-0.0022751067737692005,-0.0018678245280909997,-0.005156365383550201,-0.001140034324499,-0.0123621695452645,-0.0005601276967619005,-0.017064768592899498,0.004615993709123975,0.0,0.0,0.007856886,-0.004227549000000002,0.027481951,0.03629813800000001,0.0020567499999999996,0.19248707608306329,0.18083509534339393,0.0,1.2799206684968982
2017-05-08,0.0094342795683583,0.0094374141271203,0.0120582552846757,-0.0147402598415064,0.012132898588285201,-0.002538496517530401,-0.00015727454165220204,0.017409821317221786,0.014266660607745098,0.0082699971970768,0.0145932532312462,0.009285005457854498,0.009351683596900499,0.016056769544139184,0.00039173440908319996,0.0,-0.00010759051062070005,0.0019114373452677,1.0003120293894385e-16,0.0009167813285368,-0.0007607455673088999,0.0015020946548221,0.0030936510517955,0.0008604749098464004,0.0012245664524617,-0.0009199870000000006,0.0,-0.009026164,0.20812667999999998,0.005101249,0.046819010999999994,0.0006085960000000003,0.008712381062750303,0.010819563799993496,0.0,0.31174794001007566
2017-05-15,-0.0037354879523083997,-0.0037399220226411022,-0.008875570446606102,-0.0216429420672096,-0.002597839989365804,-0.008672107355293897,-0.0061763353853859,-0.011466636841425647,-0.007009845518838602,-0.0029090719239770997,-0.007459669361734201,-0.0035913946389050993,-0.0038530792788135978,-0.012785351179179096,0.0003915810133246938,0.0,-0.00010760208758420003,0.0006363347335308002,0.0007695267790283999,0.0026622311896780998,5.421010862427522e-20,0.008532663096247449,0.0043110751100727,0.0102288913400933,-0.0034609757794594994,-0.024928478000000004,0.0,-0.010141851999999996,0.061484367,-0.0005131879999999995,-0.019666904,-0.0006846779999999985,0.22331027843423912,0.6342659447413325,0.0,0.16082163592202606
2017-05-22,-0.0038186292064671,-0.0038175438368484,0.004277467988805199,0.0080466154133813,-0.0041045728617033,-0.0025728455249654,-0.004574186881281656,0.0011871223063806002,0.0041124070676441995,-0.0055096729582932,0.0038201399422094,-0.0039114840944096,-0.0039840866209962,0.0071478233099925,0.0001957330207853,0.0027809926217611,-0.0002152389160271,0.0005451076722603703,0.0005492996567667,0.003566248855342453,-0.000507485420686,0.0020885670373738006,0.0016536841751074007,0.0022751985125414,0.0078595266582095,0.006817964999999999,0.0,0.032985148,0.042044748,0.039657832000000004,0.0035869480000000004,0.013980974,0.037127777232547184,0.11197858101037002,0.0,-0.31486768482352845
2017-05-29,-0.011237855756755701,-0.0112341389355955,1.0084609876799717e-05,-0.004409443791954301,-0.0028952087533333,-0.048307301956216,-0.056823509429699604,0.0126777455679142,-0.0030231066158400008,-0.0134281092382116,-0.0014434983216200029,-0.0116855430362021,-0.011301735681167201,0.0022215953440562998,0.0004891650051068165,0.0,1.0000409788463172e-16,0.0020868310435804,0.0010976949510549,0.0037185515724149003,-0.0001269116062365,0.012760744436051701,0.012616828269776554,0.0128162813546178,0.0095649119302298,-0.032383804999999995,0.0,0.025403608999999997,0.012610517999999998,0.0028651609999999997,0.011907188,0.005836526999999999,0.1749341444739104,0.24276521840784385,0.0,0.23655095939588824
2017-06-05,-0.0123720763510984,-0.012372872175043001,-0.016923097470519,-0.0138315330893953,-0.0136668293226417,-0.0065135371786881,-0.005061269246600501,-0.0162122412079609,-0.0158196777158566,-0.0115897189273923,-0.015859565549101902,-0.0122995798193772,-0.0120239963404039,-0.0198637955838988,0.0004889258396913684,0.0,-9.999054535747565e-17,0.0007248346788307536,0.0003290736606231,-0.0007426049270673999,-0.0007618080612207,-0.008918181726497599,-0.0106186520261131,-0.008242157264215799,-0.0027582028753374,0.05095442,0.0,-0.020270992,0.04065495000000001,-0.026447936,-0.042512069,-0.001792235,-0.01016766687925369,0.47988461812920735,0.0,-0.1463974531284466
2017-06-12,0.0255244711215705,0.0255224864848424,0.0281096199586259,0.026161363229812502,0.0257707765624805,0.024420750911583102,0.0240786324235128,0.018325313283520203,0.0294033142493281,0.024909634131983,0.0282785812709848,0.025663486488617097,0.025326142600654702,0.0283496187131857,-0.0008802386993119063,0.0,-0.0009691488401912,-0.0023576362026932,-0.0023057929513249,-0.0046330851470333,-0.0012709711929509001,0.0064110472956666,0.00904526442349,0.0055784178365636,0.0098590761417846,-0.0090101,0.0,-0.004561012,0.013412245,-0.011925046,-0.046085353,0.006258881,-0.026683509909596913,-0.0815282570706135,0.0,0.153396649325723
2017-06-19,0.0067281616018695,0.0067287572673234,-0.0075752155624577,-0.0070744365399864,0.011070116162493999,-0.013038496145487799,-0.014220122817224201,0.0007552500058935997,-0.0086188463460613,0.0099875779499179,-0.007658019528820201,0.006842581744916799,0.0067257739505942,-0.006145329022581603,-0.00019571386695209998,0.0288558575437147,-0.0005388221478496999,-2.0003530082357557e-16,-0.0007697806505371999,0.0019054725950940002,-0.0008906419572139,-0.0143844003450607,-0.0232254168398614,-0.010732113454154202,-0.005882454065711899,0.007859507999999998,0.0,0.017138003,0.014470732,0.028252898,0.027795904,-0.004765068999999999,-0.0438701164610279,-0.3053114428156966,0.0,-0.0655325603890311
2017-06-26,-0.012145625005210802,-0.012147498177799698,-0.011518527357505502,-0.020388389613313795,-0.0100634842667383,-0.0218000638520308,-0.02208035531457151,-0.0058442747130871,-0.011743991449188898,-0.012372898843959201,-0.011136775161793802,-0.012268068729725901,-0.012150409959089802,-0.0117546544891345,-0.0020573115265173996,0.0,-0.0022662287797589,-0.0071064439012174995,-0.0054051204341579,-0.0122414819257561,-0.0022938712747247003,-0.0064352587032248,-0.0111537470304219,-0.0044903836987766,-0.0041330521768364,0.050947862,0.0,-0.032541747999999995,-0.062153478,-0.058907185,-0.015570387,-0.0052379589999999995,0.033958617718494004,0.0367435428744941,0.0,-0.06453266875553519
2017-07-03,-0.005919676533827098,-0.005917206157255301,0.0003099727401258013,0.0003721162306284994,-0.0036130553252314984,-0.0167487101404739,-0.0201921962067724,0.0016724053249676006,0.0015644628991759004,-0.0076147415283102015,0.0015714188088351002,-0.0060654599602956,-0.005974565781546099,0.0009510762934436014,-0.0003923491958129897,0.0,-0.0005403361021936001,-0.0015555660363297062,-0.0019929147428654997,-0.004282302190432099,-0.0008934840086392001,0.0148225715147082,0.011417802036645101,0.0161909393725517,-0.0006506824158217993,0.026452241,0.0,0.0076595360000000015,0.015103953000000003,0.011900765,0.0011102569999999982,0.006207747999999999,-0.0776223969025126,-0.2727893539342528,0.0,-0.2465055402706377
2017-07-10,0.011666561193648799,0.0116629701599406,0.0165099783215591,0.0322641538074266,0.009490016324164302,0.021889553054272703,0.0197686077774039,0.0043183500754367995,0.01726824672903,0.0106937575727236,0.015927365399000398,0.011810269632179099,0.011649585590438102,0.015098409827404898,-0.0003925031941275269,0.0,-0.0006487889500932999,-9.157928482985236e-05,-0.0011088934380909,-0.00025247212421100016,-0.0010221030658569,-0.0008586985907671004,0.0042626127238587,-0.0029193034465683004,0.012978610810001606,-0.017195459,0.0,0.046690146,0.116843802,0.037653322999999995,0.03315221,0.012669163,-0.0626812786394372,-0.1074124413415673,0.0,-0.13285864940773104
2017-07-17,-0.015132670188961101,-0.0151300867544574,-0.0134991006229193,0.0060485756772452,-0.0159611843644006,-0.0112696360252476,-0.0148709454105531,0.0032004292521939,-0.0160264597520735,-0.0153872963640898,-0.0140180811996342,-0.015498221567219802,-0.0151042088339252,-0.0089576161748596,0.0005886970342702999,0.0055355187346021,0.00043257273303459997,0.0015557083897193564,0.000221877081008,0.0006731174002573998,-0.0005114435605665,-0.0015445206463477002,-0.0108032226560331,0.002173574656931042,0.004370017402784999,-0.01485231,0.0,0.013782056,0.018916715,0.017181698000000002,0.008219031,0.0038210399999999978,0.21207837626810427,0.14993047569925178,0.0,0.07634599546778542
2017-07-24,0.016885813384188462,0.01688539701733137,0.014415728744659701,0.021496269399432,0.017811195643807898,0.0125584923459947,0.010670799604923401,0.0109842702071718,0.015161412836029401,0.0173856082276093,0.0147198983270408,0.017004595647410206,0.01690022385157222,0.0100020578456203,-0.00029430519661097156,0.0,-0.0004325727330346,-0.0015557083897195,-0.0008878038536748001,-0.0033701270418049004,-0.0008956561279442,0.0050643719709414,0.00038833232196379994,0.0069183311398068,0.00015788802533119994,0.004281721999999998,0.0,-0.010215984000000001,-0.022317434999999993,-0.036384062,-0.00513731,0.0032217120000000003,0.0428042952744894,-0.0973276738042004,0.0,-0.1372032855558068
2017-07-31,0.0110823107274723,0.011084525552948499,0.0114455185527811,0.014576300063752599,0.0111685962650447,0.0106834680836646,0.0098541480092574,0.0018049617288255998,0.013510206419369002,0.0108059736097205,0.0122821562616851,0.0112694315963167,0.011011334948765099,0.010257158436907136,0.0013726838119722654,0.0,0.0005406866852453,0.004933318976732701,0.0034358581874822,0.0104941566685573,1.0001765041178778e-16,0.0021787533534221,0.010347478542373102,-0.0010731692156407003,0.0042858276019998,0.025739553,0.0,-0.004941006000000002,0.017008902,-0.013171608000000001,0.045056495,0.023481192,0.1613910746489523,0.2778928220114395,0.0,0.0672006303133468
2017-08-07,-0.0143474095968627,-0.014348938332911697,-0.017452580307009996,-0.013721930460262502,-0.014770346340660802,-0.012370625968885099,-0.012082226788616599,-0.007192214424633499,-0.019875331416287896,-0.013380424195090404,-0.0185443940842496,-0.014490797910330502,-0.014317476796499598,-0.015947304280423902,0.0009793360884582999,0.0,0.0002161928448589001,0.002639364444604171,0.0019896104717392,0.006575959103046302,0.0006398362237609,-0.010211564578652299,-0.0120040504997564,-0.0094927654687126,-0.006092908119851,-0.024206995000000002,0.0,-0.0024796820000000004,-0.069650939,-0.016739244,0.006945552000000002,-0.024944281999999998,0.24688013730373146,0.10872543172534181,0.0,-0.0517576167434902
2017-08-14,-0.0141495639540223,-0.0141512608113226,-0.004273682873096,-0.021615218293502398,-0.0135955224443768,-0.0167417367145299,-0.0157056699267692,-0.0061884241807665,-0.004324961074810318,-0.016375996535412597,-0.004521153382588127,-0.014310908183636,-0.0141125085907934,-0.0050733765989435,-9.789046065287321e-05,0.0,-0.0005405697736912999,-0.0006364504465418001,-0.0011048504051758,-0.002159469277727,-0.0010239345576553,-0.0036285183129382004,-0.0043693124093718,-0.0033301368705679,-0.015312269851927199,-0.007465998999999999,0.0,-0.000137967000000001,0.03490552799999999,-0.004212821,0.0001270170000000001,-0.012079492,-0.077712906648467,0.06917485699951839,0.0,0.12132269644125881
2017-08-21,-0.001970846931189301,-0.0019699355597302985,-0.0009942716644161,0.0009634429856458003,-0.0033467723629177,0.004449772995271198,0.005185883863175399,0.0027581749261367996,-0.0019011842413472011,-0.0021022777116713005,-0.0014091123509525011,-0.0020677703463058993,-0.0019275127635087004,-0.003045723798587199,9.789046065237071e-05,-0.0142170082251578,-0.0003244821833672,-9.095456825570955e-05,-0.00022111663992820007,-0.00024946987780621725,-0.0008968035960732,-0.0036720155329602,-0.0068900820618702,-0.0023967164685746996,0.0065139857761217,0.012593947000000001,0.0,0.004542047999999999,0.014202051999999998,0.004653562,0.014872974,0.013761943,0.09092661754772025,0.0781946682117593,0.0,0.15684314752070538
2017-08-28,0.0005032068419723,0.0005015356530618,0.0025190867452674,0.020822051522434794,-0.0006865873510938994,0.006020089738384999,0.0028715166047743003,-0.0039351826078844,0.0033072148318531005,2.7550836593299294e-05,0.0025426714745614013,0.0005943507042792985,0.0006502395677631008,0.0031138940642258008,1.7831059979239727e-16,0.0,-0.0001081841294936,-0.0006369137197245413,-0.0002211655433098,-0.0009152557114352999,2.710505431213761e-20,-0.009234256948333502,0.0003035571400631012,-0.013055000932521899,0.005552747897224698,-0.0020698539999999994,0.0,0.015263338999999997,0.039793518,0.022832391,0.025872852,0.005902679,-0.033963260347538896,-0.1639204150832401,0.0,-0.0910574564126585
2017-09-04,0.013988932533494902,0.013990792714348799,0.017324480868326,0.030820855769467796,0.016284643249469,0.0033146477219079,-0.0026873615471179006,0.0057265763633461,0.017954978616624498,0.0133613195332823,0.016675346910843,0.0141555402170967,0.0137828309122794,0.016484503483329797,0.0003914660453201483,0.0,-0.0001081958345661,0.000818814584255,0.000442282183238,0.0007489078777321999,-0.0003845907361037,0.009276928342813299,0.0130550604356174,0.007758527601019984,0.012236402060282101,-0.036424181,0.0,0.0005408459999999993,-0.040526292000000005,-0.011175778999999999,-0.033596812000000004,-0.0004360700000000011,-0.017872300286192806,-0.002167115808912705,0.0,0.045180753133843496
2017-09-11,0.0073944759660139,0.007394145712124099,0.0081103645308306,-0.0005733563863798974,0.007439223712705299,0.007184424730527,0.0088977494150995,0.00021357043266689944,0.0053465822664491,0.007997901539349279,0.004817680010399,0.007539199102140098,0.007336664799188,0.0049119711853088,-0.0025472728577083,0.0,-0.0024917406316172,-0.0055629161742679,-0.0050980937194319,-0.011629497309080666,-0.0015398437535116,-0.0126042645988876,-0.0129033164136955,-0.0124838895111558,0.0063141488389625,0.035551454999999996,0.0,0.017818074000000003,0.09559335499999999,-0.0065220880000000005,0.007849087,0.009981292,-0.023357390721948534,-0.0035202502929366497,0.0,-0.12223236821450723
2017-09-18,0.0085178963953318,0.0085162079737555,-0.0010980711164691,-0.006295714847778501,0.006399125821147399,0.0183431306454207,0.023678006293971498,-0.0042595655953943,-0.0009835252341040001,0.0107982795410132,-0.0013156842748420997,0.008766415623878,0.008575162144508701,-0.0028092884718197,0.0005884083723754097,0.0101047943650668,0.00032536196805639994,0.0011881370497013567,0.0005554012916999,0.0023535355908746,-0.00038533171114499997,0.0015300569983459009,-0.004763312900222,0.0040305140082994,-0.0028836963267302,0.034436215,0.0,-0.012022506999999998,-0.006181970000000002,0.008485323000000001,-0.051266984,0.019950764000000003,-0.034823987360241615,-0.003977304352911298,0.0,-0.044618285971211986
2017-09-25,0.011027941770030799,0.011030457268210699,0.0108368689098066,0.0260682323649388,0.0121422780965907,0.005875747106296201,0.0015155800234207019,0.0085331110873035,0.0128214622032795,0.0107143918575215,0.0123883313374092,0.0110769702772574,0.0110449364527151,0.013035356419788698,-0.00039223377635635217,0.0,-0.0007593426627268999,-0.0015540018667341,-0.001444685476584,-0.004206635851624937,-0.0008996851708975001,-0.013033130372672699,0.004183802708081001,-0.0199217111709676,0.012917577516464194,0.007145139,0.0,0.0010744650000000001,-0.0012857200000000006,0.03178189100000001,0.014574919000000002,-7.053899999999794e-05,0.1160814997749859,0.017440063262353003,0.0,0.11042464226616369
2017-10-02,0.0029471621404887002,0.0029454121195233,0.0059851604592781014,-0.010999801990924601,0.005820934622546899,-0.010496073717717401,-0.010386106744745001,0.0037341481982121,0.005723424479263401,0.0023513998310668994,0.005523100862145599,0.0029314788307231005,0.0029673953129901,0.004538247616651499,0.00029418975451211824,0.0,0.00010851283174889999,0.0009144111829544001,0.0,0.0017689428864107659,-0.0005144694647234,0.0011858565291521994,-0.0031933230063964004,0.0028612654930030013,0.0061531378542749,0.014654901000000001,0.0,0.02006848,0.014053053999999999,0.020251138999999998,0.007627261999999998,0.013176621,0.0790492568901292,-0.00027908019750560314,0.0,0.2171257866825228
2017-10-09,0.0027064561918723994,0.0027093408110777997,0.005343926212062801,-0.008240169762495954,0.0057439103783430995,-0.011746419416831699,-0.0125129222950866,0.0059103872046091,0.0043919392562431995,0.0022802050935436,0.004545302232832299,0.0026442738343769997,0.0026154836178917005,0.005331278075883041,0.000490124011184,0.0,-1.0001765041178778e-16,0.0014613209286033601,0.0005558952836463,0.0023537334336591,-0.0003860258685264,0.004506512338415999,-0.001690640906003899,0.006947781190418698,0.005060404302156,-0.010997071,0.0,0.01941553,0.07074162,0.014219543999999999,0.010823378999999998,-0.0017423059999999995,0.18217587411995678,0.11424385871233059,0.0,0.017348835080165298
2017-10-16,-0.0027651062750876,-0.0027663585008319003,-0.0010342555965978002,-0.0050666322923634995,0.0023579928430080997,-0.027722206088054396,-0.0327663179604417,0.006017451739159099,-0.0015415256524087002,-0.0032276032899761077,-0.0007747630558113993,-0.002936084646089701,-0.0029156515803702987,-0.003920143592574898,-0.0008823962531463752,-0.0247286875311385,-0.0007598372143054,-0.0014613209286033191,-0.0018913061208735,-0.0030272475187251,-0.0009013069560127999,-0.006380006267860962,-0.0152472016262385,-0.0029164621993287,0.0028657230179992997,0.037369357,0.0,0.016890996000000002,0.011801185,-0.002781982,-0.004724846999999999,0.013715973000000001,0.035132571123423405,-0.1499869597914782,0.0,-0.2632451024543818
2017-10-23,-0.003905121993035598,-0.003903930307532599,0.014893010551684443,0.0429000069806358,-0.003087399960179,-0.0079650686844022,-0.0198138584739407,0.0071178968368926,0.016671769606654,-0.008524275612237198,0.015704284726329603,-0.004122955082795699,-0.004044791314258501,0.0186254192934344,0.0008823962531466162,0.0,0.00032571521920890013,0.0014613209286033,0.0010017252771537,0.0023553173741767,0.00012880788322059997,-0.008062548987679902,-0.0032513014440493,-0.009954429103939302,0.00305577906091,0.022457174,0.0,0.061512441,0.024878442999999997,0.028058313,0.042599639,0.005830921000000001,0.0332030263967144,0.0699830104501333,0.0,0.028943169999310202
2017-10-30,0.01209129011539,0.012090612411893,0.0090748686567867,0.011536314974429399,0.012191348847533002,0.0115980390739409,0.011613432043101498,-0.0041164045859388,0.0092925959037633,0.013078760461175199,0.007943393366136699,0.012411559829402702,0.012115022413994198,0.0088343468847208,0.00029395914179616297,0.0,0.00021708455528629997,0.0020969146581281605,0.0006672598112342001,0.0027688065681328,-0.00025763236004919997,0.0042511760063601006,0.016256077257063798,-0.0004606696118253,0.0070876136171432996,-0.0035435910000000017,0.0,0.003929758000000001,0.033275529,0.015665059,0.056340309,-0.008448732,0.1358750986696515,-0.02920873908086859,0.0,0.016046309322290803
2017-11-06,-0.0149073079841255,-0.014908995857698096,-0.0229865130585171,-0.022095280061725,-0.014020627866432,-0.0193310277050902,-0.018668128465466498,-0.020865790500823503,-0.0213107679074825,-0.013404965184628498,-0.021266503787415098,-0.014791318675960596,-0.0149028102559551,-0.018460079116974202,-0.00039196472819349993,0.0,-0.0009772518286839,-0.0018231545615151079,-0.0013349651554268999,-0.0026847906050504007,-0.0007732955663092,-0.013362068641963301,-0.0117522159943393,-0.014002507679462598,-0.0024304635059059004,-0.039216787999999995,0.0,-0.00321405,0.035076429,-0.005577482999999999,0.012501242000000003,0.005365990999999997,-0.0682433781377174,0.057923185561657695,0.0,-0.012446647249429496
2017-11-13,0.014627660150887801,0.0146308979513028,0.0166794108257464,0.027696276269867502,0.0067112510332563,0.0532984420633194,0.0593332210471331,0.012354537858721402,0.0148417894844807,0.014636358917719399,0.014593379796680598,0.014672516876822202,0.0147463107604651,0.017790546306386802,0.00029398794861151,0.0,-0.0001086425119215,0.0010942915554873378,0.0006677053441923999,0.0040244876990010005,-9.999054535747565e-17,-0.0011583729639974998,0.004343637866303199,-0.0033415520712891007,-0.0010450980053152014,0.0064400640000000006,0.0,-0.017682556000000002,-0.022363505,-0.007942234999999999,-0.026218125,0.005064387999999998,0.2232992653767181,0.1466204284688494,0.0,0.1600736718503761
2017-11-20,-0.002825258887447,-0.0028277878318001,-0.00011822511020519958,-0.007960406507553402,-0.004513018707868801,0.005187449821915399,0.008214669961285,0.005460766455623,-0.0013856125782064008,-0.0033275414793968996,-0.0006993278967167005,-0.0029878816688944003,-0.0027060942540787004,0.0034235112463915,-0.0011764707239293917,0.0509978005966554,-0.0008695652721840999,-0.0006381912055049999,-0.0016701000374704997,-0.00041846257462980005,-0.0012901562878448,-0.0127637704884311,0.0005180114078341003,-0.018115406808342602,0.007438937297647899,0.0018324450000000011,0.0,0.010382803999999999,0.026150200999999998,0.019719567,0.027934168,0.021408885000000002,0.18004088690380832,0.2698995243077583,0.0,0.061592134398733595
2017-11-27,0.0056472376904648,0.0056476018226103,0.0021518719070657,-0.007074978980426901,0.0062431537033663005,0.0028266528244701005,0.005073306506080399,-0.0005324070418342998,0.002346919587970701,0.0064933525870254005,0.0020580168294657003,0.0057684769330762,0.0056158209629504,0.0038699096853296987,0.0001961745960188724,0.0,-0.00032628201931729993,9.119511200504529e-05,-0.0003343549766452,0.0009203866273286225,-0.0005165289371038999,0.0067290597198175995,-0.0059381930396942,0.011768976348235899,0.014509323659358198,0.06373089100000001,0.0,0.011939013999999998,-0.09306352100000001,-0.030219545999999996,-0.022658595999999996,0.031180549,0.1716709880349202,-0.021358772422579303,0.0,-0.001402914144263915
2017-12-04,-0.0009016799665968998,-0.0009029813103856,0.0011484455391064996,0.019603008675087602,0.0021669527921977993,-0.0155847133498327,-0.023696007402114,-0.0023941340121840997,0.0025114739610556,-0.0015897031629183,0.0020210168806396004,-0.0008729878561901992,-0.0009159537440335999,0.003041173856073101,0.0004902681865128855,0.0,0.00021753317466680007,0.0025500924566118,0.0010027297369617004,0.0036730987118612003,-0.00025836455382049995,-0.002140668288867501,0.0120430690243505,-0.007782420399809301,0.0077555899428275,0.010820141,0.0,-0.001187483999999999,-0.031813912,0.02343861,-0.009870287999999998,-0.0048043120000000016,0.37356478340585936,0.0912642525209101,0.0,-0.007441678214262698
2017-12-11,0.012704602726057699,0.012707518632556699,0.0102934154648022,0.018058954748991902,0.0110923864568474,0.0204538678568411,0.0210185440474587,0.0105293014327956,0.0113956738372496,0.013034873746515099,0.011308310543189152,0.012746959832707001,0.012636397048629601,0.0088721521757027,-0.00019607843200089998,0.0,-0.0003263175098298,9.996344030316351e-17,-0.0003341315395568999,0.000499833399276626,-0.0005169294506425,0.0363268146801779,0.017991675830848,0.0435432521223944,0.0112783080107675,0.0019804690000000003,0.0,0.031462673,0.0003654460000000019,0.021326473,0.026797223000000002,0.0038323329999999994,0.12094265809031281,0.4334645817076697,0.0,1.1290472951019244
2017-12-18,-0.0007179960078469005,-0.0007203489588748996,0.007105804125024701,0.005264544193519901,-0.002028662544243,0.005524540596354198,0.0055851471992127005,0.0171041106721742,0.006161682209155099,-0.002607757912170901,0.007269160091955001,-0.001070093049587599,-0.0006826219680333015,0.0088427697116746,-0.0007846984218243352,0.0144440455127415,-0.0011974093848914,-0.0029149228145436998,-0.0017839228724687997,-0.0041729321111379,-0.0009052700262592,0.0008735890713799004,0.0038320754395499996,-0.00028240854329440214,-0.0035973271133567996,0.012266627,0.0,-0.015549118000000002,0.019182183000000002,-0.002933347,0.005960221,-0.004939262999999999,-0.3094759744224448,-0.0369300828811904,0.0,0.36590380493289254
2017-12-25,0.0049599209414606,0.004962190944623599,0.0083037414728282,0.011759905321778098,0.003097709345655399,0.013752984508362,0.014219895049650298,0.0179563422987566,0.0075386019251846995,0.0040925907591851,0.008603441183565,0.0046994974961888005,0.0050487792532458,0.010464741366446,0.00019623233971935132,0.0,-0.000326815188921,0.00018243181661459999,-0.00011160091524329988,0.0005852598302587001,0.00012937447459649993,0.013486295052837499,0.0085924687706019,0.015386854922769701,0.0056953715036933,-0.004757647,0.0,0.00035076300000000046,-0.009105723999999999,-0.014569689,-0.033584380999999996,-0.0008472489999999996,-0.02668862935602638,0.008849089295880703,0.0,0.7563262446546707
2018-01-01,0.007968937153356802,0.0079666643381183,0.0148294759905588,0.0106908786449316,0.010009354430374802,-0.0016689121868176003,-0.004584571691307299,0.0065947873335783,0.0150616026741004,0.006477243135241899,0.014195935243469099,0.007996855694287899,0.0078955792549445,0.012661474576884898,-0.0001962323397193417,0.0,-0.0005449294451231,9.120342931212983e-05,-0.00022323920173060002,0.000751973967005,0.0006466214256988,0.0026093585773157993,0.010223795566602401,-0.0003519887399945996,0.019069121706647603,0.013006446000000001,0.0,0.030509486,0.107219215,0.052598253,0.033527259999999996,0.014371899,0.1050594898500617,0.39642366306638854,0.0,0.026895204008468288
2018-01-08,0.0003398368267830007,0.0003395554609284989,0.006737525754816901,0.012559414200490601,0.0029618236891097993,-0.0122176604744777,-0.018197503210205898,0.0208193268652457,0.0033558033134370997,-0.0008211714821936997,0.005149178787767699,-7.807293945380099e-05,0.0002889785183508001,0.0064062460007732,-0.0017678260349450001,0.0,-0.0016365722926148002,-0.0059455926347533284,-0.0040268510790352,-0.012522750528860354,-0.0016820861829847998,-0.0046595256387738,-0.01346778689528,-0.0012329371883302003,0.010394490534521999,0.039188782,0.0,0.015861697,0.034585334999999995,0.018171463,0.011872082,0.022184276000000003,-0.09322402760527101,0.1176466289135488,0.0,-0.3817739798314158
2018-01-15,0.00024384396846710023,0.00024312428587320027,0.0056982382543251,-0.0056769669327552,0.005805327180865452,-0.027025389656931104,-0.0323290994792041,0.007781485888636,0.0048096043932321,-0.0009393081384293004,0.005117970916984501,8.909451050520024e-05,0.0001744545875591991,0.0030073319778001683,0.00029485478615520007,-0.0225948004551482,0.00021836445113520005,0.0011919498958546,0.0006722689328822,-0.0012694115867009997,-0.0002590338053597,-0.0083863018495082,-0.00018278751002880002,-0.0115736473321077,0.0201633032808769,0.0030131540000000005,0.0,0.004454371999999998,0.031475392,0.011301006,0.0077064770000000015,-0.0023917580000000016,-0.23446291448819095,-0.2528748103085089,0.0,-0.2113112265674667
2018-01-22,-0.008350938111441001,-0.0083504426676691,-0.011114909242289599,-0.0109864831366097,-0.006118698886406799,-0.0195543090718845,-0.021722496499975,-0.0103885975271923,-0.0117984297859107,-0.007548387202873308,-0.011652245956534399,-0.0083097478466398,-0.0082640847523918,-0.0077462161917044,-0.001376733426225941,0.0,-0.0014202220118112,-0.0053289358006975,-0.0037030845211564003,-0.0091021852531,-0.0011664831858611,-0.0025962240450121002,-0.007311752391803701,-0.0007594762280781933,0.007231193032756,0.028868685999999998,0.0,0.044123185999999995,0.055861091,0.037807032,-0.039722981,0.038932308,0.03284470791848791,0.16425772076575393,0.0,-0.02489949515360889
2018-01-29,-0.0375884751047622,-0.0375878873990261,-0.036412012918708,-0.024501439338873398,-0.038484342431396604,-0.0330746091334747,-0.0352676363905251,-0.048227018863488805,-0.0344318734010561,-0.0380092151870506,-0.035856692866532,-0.037368701078088595,-0.037645337805525696,-0.0353116410782288,0.0004919081214834,0.0,0.00010931948630739998,-0.0014750624966424,-0.0007872687804695,-0.005054626311165501,-0.0003891302987036,-0.0268550006078324,-0.019489901260252497,-0.0297347147536142,-0.0743972643671599,-0.017693445,0.0,-0.024538457,-0.041150804,-0.059286623000000004,-0.066347608,-0.051870860000000005,-0.4849844769235848,-0.5271188237577329,0.0,-0.6490946181028621
2018-02-05,-0.028253978349693905,-0.028253617378580904,-0.019439504372268702,0.007668140666854499,-0.0318850275952659,-0.010202556504410503,-0.0148515906694725,-0.011396977692751503,-0.020512518353207103,-0.0303744294274343,-0.0195730811295923,-0.028601643163379306,-0.028137139167207902,-0.015147073072881103,0.0005899705185874172,0.0,-0.0002186509246716,-0.0017544674152773,-0.00033759073071440004,-0.0022355985235412,-0.0006488871812912,-0.0037790261522399,-0.014733192805518597,0.0004742483253071996,0.0026616716373959962,-0.03780762399999999,0.0,-0.040014219,-0.006185602999999998,-0.06738268599999998,-0.025813153000000002,-0.057477631,0.24953260913379322,0.21885698126912081,0.0,0.44635562417430596
2018-02-12,0.009099026489727399,0.0090973645319831,0.017163176020607296,0.018743249108769004,0.007300198054559398,0.0179002511697706,0.017678746028116595,0.0168642728611812,0.0180907383935198,0.006909263893354599,0.0179640594498262,0.008935696378083701,0.0092175122254414,0.019215836052629703,0.00029485478615490305,0.0251372820768278,-0.00032806605357369996,0.00036961745015131546,-0.00033770473670410004,0.0011184239992355002,-0.0007792208186484,0.018005954551129803,0.0103073428413144,0.020954996464256102,0.0224347025137872,0.041301695,0.0,0.042408397,0.049430116999999996,0.045979477,0.09751052,0.04061098900000001,0.2291378838888995,0.08297727211411648,0.0,0.0570022084073872
2018-02-19,0.0128574735287937,0.012859849213457,0.010021508260093698,0.0127289223416527,0.014668721399008499,0.0039929828943943,0.0016803097547537994,0.008235990220788799,0.009503655849207999,0.013720760249246799,0.0093726571989288,0.0129541496543994,0.012792788134300499,0.0096032005011859,0.0012767003943817126,0.0,0.0005467169782451,0.0034125004294118,0.0020245198681832,0.006000875273137151,-0.00025987526133779994,-0.0015011477086440995,0.0132467892476511,-0.007181809072304699,0.0230510983300602,0.022674346,0.0,0.022144278,0.008534654000000001,0.029315003,0.017647731,0.007051611,-0.0795713762736586,-0.0822775891015986,0.0,-0.1789972240374126
2018-02-26,-0.024606577767766095,-0.0246085280941018,-0.027469143600753698,-0.029034769827194,-0.028649500080794296,-0.0049571247930861005,0.001357391042081598,-0.025826763925711295,-0.027335879529776595,-0.023971197898045096,-0.0271800662808655,-0.024580347101729103,-0.024471229519823202,-0.0225810993540032,0.0008829156408156273,0.0,2.0000819576926343e-16,0.001472076813814,0.0016839745770097,0.0027313093114940904,-0.0006499837732898001,0.0005737143491505001,0.0007855351689733982,0.0004967550310931998,-0.0213296236166949,-0.034604311,0.0,-0.010795839000000002,-0.038929617,-0.039738855,0.004037467999999997,-0.04604121,0.11010193841586881,-0.0181444214667235,0.0,0.0026186870916044963
2018-03-05,0.0243746774203677,0.0243765342022333,0.02395073709307448,0.0350748980118783,0.0241885169334315,0.0252592248151858,0.022708398059531898,0.0236774834378004,0.023863244866231204,0.024506247016948597,0.0238437645648178,0.024388692404828,0.0244245600205685,0.0234884634698314,-0.000784775398330422,0.0,-0.00098430587047,-0.002116792470499857,-0.0017963404403786001,-0.003073248107782,-0.0011710365010075,0.005551741875073,0.0126077972907023,0.0027889301124256996,0.022559260165990802,0.040807869000000004,0.0,0.036820425,0.036486951,0.068356816,0.0211692,0.040157488000000005,-0.22894083995075373,-0.1987222581718408,0.0,-0.18035387830320176
2018-03-12,-0.011233865836613099,-0.011233697350493,-0.0104225290964805,-0.021347032227195202,-0.0110630398603022,-0.012064011764580503,-0.0096488786698475,-0.009987777458556899,-0.0124341739192137,-0.010999254844645501,-0.012180823637505698,-0.0112595691624874,-0.0111638507226273,-0.0117624051218661,0.0007847753983305654,0.0,0.00010941517599400001,0.0007367839714403,0.0006740058668995999,0.0012816680525777001,-0.0005209011707834001,-0.007076240303279501,0.0005303885560410003,-0.010083823807213597,-0.0255111234173512,-0.022272626,0.0,-0.020299986,0.020774819,-0.023022357,-0.010949786,-0.015883166,-0.0644399974851144,-0.2287656467221197,0.0,-0.0670750570853772
2018-03-19,-0.0328094172901888,-0.0328103542044747,-0.0266676733616035,-0.020458481018689998,-0.035135605533626296,-0.021460770114782698,-0.021726639821856998,-0.01934102022549983,-0.029252134990867498,-0.0339718606502073,-0.0281860271002667,-0.033106745018307904,-0.032693701359995296,-0.0284851716867628,1.295079495033935e-16,-0.0434295044167517,-0.0005471956360887,-0.0012897284146137001,9.990923019453923e-17,2.999987411267391e-16,-0.0005211726502329,-0.0062303815312892,-0.0141788081086591,-0.0031064804183162003,-0.020244684206314294,-0.075828625,0.0,-0.081682508,-0.072469371,-0.09991787799999999,-0.07631413100000001,-0.057631352999999996,-0.050039979404257695,-0.1277678583542035,0.0,-0.2228115584519715
2018-03-26,0.012182790317520101,0.012185262040788899,0.0017546815157474995,-1.0273861185300034e-05,0.013575913270823501,0.005405372188542297,0.0068530558121946,-0.00037477779285310063,0.003168380906135599,0.014540297043898101,0.0027861588599270987,0.0124602492050528,0.0120226913827569,-0.0008549081354348991,0.0008821367883972001,0.0,0.0,0.0020259699350781996,0.0013466504111172,0.004685445382264,-0.00039105781636319996,0.004659573284226101,-0.001587137620542696,0.007094773413799,-0.0292630456395484,0.027285303,0.0,0.045847166999999994,-0.0059411399999999975,0.010263241000000003,0.017071802,0.008547961,-0.1474694274567662,-0.2373675947779845,0.0,-0.18005104655252457
2018-04-02,0.0112682313407008,0.011264174358261998,0.0059261647209199,0.011742364219559202,0.0118668049667489,0.008344455454603801,0.007437286723300702,0.008852128993477402,0.006000888238088001,0.0125013178015644,0.006306663115060301,0.011321183141457998,0.0112349181068184,0.0047083265863532,9.796718107282701e-05,0.0,-0.0024112243159802003,-0.00036805300378689996,-0.00011215162912,0.0005947576537952998,-0.0006521030553873,0.007544373343203445,0.0112554795417854,0.006101357248020099,0.012042401219775898,-0.008034419000000001,0.0,-0.011460114,-0.07782499200000001,-0.026566041999999998,0.0035697560000000003,-0.012323921000000002,-0.045201552544476095,0.0308349748117536,0.0,-0.017799235082209305
2018-04-09,0.011936064853046997,0.0119386540483155,0.0174052953062866,0.021793235986648597,0.013875408850745799,0.0024498117797534993,-0.0027891239296433,0.0165346397521664,0.0175346507914454,0.0105660069285571,0.017426773620969498,0.0118342948880298,0.0118126565370335,0.0187872810489509,-0.001078167220345333,0.0,-0.0021970787702138,-0.002949310893624,-0.0020208831397722,-0.0023811559851835,-0.0018281540740622,-0.0048140552165801005,-0.0022628852201156003,-0.005808296342005699,0.024450282441055904,0.01103076,0.0,0.031097361000000004,0.077436316,0.02550487,0.037018548,0.023403438999999998,0.1741396140034918,0.2488844830488966,0.0,0.2990389011901544
2018-04-16,0.0115525321933271,0.011552023524261101,0.0241263494922934,0.014651265214041398,0.012208323193228302,0.008337418989495402,0.006585583675626782,0.015643472770090202,0.0269958870027963,0.007947236298600913,0.025778525375363598,0.011462275397923,0.0115690640600924,0.0227420386010475,-0.002258112981515132,-0.0094760870388187,-0.0005500247649802001,-0.00657501095354593,-0.0051831101950467,-0.0096676973197124,-0.0019624523862135,0.0141813965619762,0.0163196887854793,0.0133425348247632,-0.002823418658680004,0.010551550999999998,0.0,0.020417531000000003,-0.012125032999999999,0.039070781000000006,-0.052942286000000005,0.029999825,0.10276640034902641,0.22878425473606318,0.0,0.27889296942751235
2018-04-23,0.0098911112539319,0.0098893419714032,-0.0004890020764700988,-0.0202937239367516,0.0105780729185762,0.006511565295507301,0.013750637894169901,-0.0037117872204676006,-0.000240387650280499,0.012555191542121301,-0.0006085940419924786,0.010190090562446266,0.009970010719345598,-0.0021818385411042003,0.0008842167889548333,0.0,0.0004400440115011,0.0031539914828421335,0.0009033424281861999,0.0048883078344696,-0.0009171307554087002,-0.0072559428818607975,0.005278545549367,-0.012206270901884298,-0.0083635606745468,-0.018744596999999998,0.0,0.008594539000000002,-0.010460750000000001,-0.043510954,-0.020729871,-0.0244718,0.034086465423450896,0.0417228087698752,0.0,-0.0451716949009308
2018-04-30,0.0148217925343213,0.0148223144785054,0.020956454971279,0.0271102498915903,0.011841373378500228,0.029367049358126396,0.0299648023786171,0.0106088040785763,0.0216778964896426,0.0133869740415919,0.020509442923509903,0.014912766738076799,0.014779593981181399,0.017280656448413402,0.0008834356402792,0.0,0.0003299059797888,0.003236398404915539,0.0010152857773258,0.0044387610224415,-0.0007867821019553999,0.009685204155381402,0.0073873470358658995,0.010597390462701601,0.0092394862544219,-0.008906104,0.0,-0.006911703999999999,0.054720438,0.018776534,0.12444167199999999,-0.02090713,0.014232871103746405,0.11786325778942272,0.0,-0.006341541103697203
2018-05-07,0.0040947385757396995,0.0040965682297302,0.007015408122916399,0.0400649589935761,0.0050540314361369,-0.0005559885739200004,-0.011570500798753797,0.0013717369984434004,0.007783234678220299,0.0033270243205007002,0.0071062327850965005,0.004153693344331801,0.0040892671392901,0.0073836172892548,-0.0012763243596046001,0.0,-0.0016506193568836,-0.004719390612938,-0.003275173744763,-0.0071801317103794005,-0.0013126806820613,-0.0074008892404899,-0.0017767844883589002,-0.009643691589560098,0.021286220784592202,0.048864829000000005,0.0,0.026341800000000002,0.06270415800000001,0.048636104,0.025563908000000003,0.023829468,-0.07258320233632311,-0.03123122600654649,0.0,-0.11673960254296471
2018-05-14,-0.006711883483781699,-0.0067143830972159,-0.0013807272900220001,-0.003997088896410699,-0.0074091490493463,-0.0033347362198162997,-0.0031510896886661,-0.0007756973058243,-0.0022119249602829552,-0.007901725745919502,-0.002058913020742623,-0.0068424372229403,-0.0066540510880528005,0.0008870897628296,0.0009819325219451,-0.0429512745547059,0.00011012609448919988,-9.276007612970009e-05,0.0006785027965829002,-0.0006865185200553003,0.00013134563623020003,-0.014951075758901498,-0.018025044962322902,-0.013725746091395399,0.0010543388113034005,-0.024268973,0.0,-0.013810340999999999,-0.034331086999999996,-0.031056071999999997,-0.012163394,0.006628396,-0.03476115899682189,-0.0438280548346008,0.0,-0.08343910685847128
2018-05-21,-0.014089572687527578,-0.014086578860399615,-0.007097537099670298,-0.009895289766348098,-0.0122215369959158,-0.023163067647103897,-0.02687750090085974,-0.0016504900158133993,-0.007907235889187401,-0.0158543843324308,-0.007238403374280899,-0.014367900692289302,-0.0141241198643313,-0.0080254639107413,0.00235271160381341,0.0,0.0015404932623939,0.0061959785772292,0.0046241553102033,0.0158409035483072,0.0011813350458311,-0.0061037204963383,-0.0007937719848927001,-0.0082275591668732,-0.0159144182723249,-0.004238185999999999,0.0,0.020543039,0.013489143000000002,0.013409576,0.012110389000000001,0.015518710000000003,-0.1653388696366449,-0.3037917155570138,0.0,-0.21033426674771083
2018-05-28,-0.013932748262148697,-0.0139338505379666,-0.004610555275711099,-0.0013539580055922022,-0.014345647449836603,-0.011921497246796102,-0.0149101325603761,-0.0034990988486428,-0.005109498657255499,-0.016277272730825198,-0.004928295218952202,-0.014173183851833504,-0.013976258075707201,-0.0058759765100827,-0.0009796239027936727,0.0,-0.001100110121951,-0.0028620247574722,-0.0013511993948585003,-0.002961711494328,-0.0010500066590115999,0.0047266452316921,-0.0023034674296877377,0.007533631598111001,0.020972933989748803,-0.020634365999999994,0.0,0.024404927,0.032908852,0.045900968,0.008764134000000002,-0.003790597999999999,0.051679496990958994,0.1389925277222147,0.0,0.1803069829434823
2018-06-04,0.0008490807763963,0.0008481168680248997,0.0120315555909996,0.0353267992696101,0.0019868452751336998,-0.0047213987819476,-0.0163816115156257,0.0023854507043775002,0.012460939757308099,-0.0019231971478914749,0.011386689684055599,0.0008146371019105998,0.0008306579541729007,0.009888881063534999,-0.0015693970852387,0.0,-0.0015421902153276,-0.0054698138507397,-0.0046304221871447,-0.0101359412980599,-0.0015770801008255998,-0.004524781499047099,-0.0009800719503874119,-0.0059387968510724014,0.012708011861787499,0.024692601999999998,0.0,0.008299584,0.017927020000000002,-0.002019623000000001,0.007645174999999999,0.011723941,-0.0843067274197668,-0.1061149700412059,0.0,-0.09071310421834679
2018-06-11,-0.010670555818315,-0.010670651066247,-0.0064078519154716004,-0.009636654424926299,-0.0122984440820719,-0.0016257456027276,-7.273880966930137e-05,-0.017245822601388898,-0.0054178920180334,-0.0117403054163451,-0.006666179892042198,-0.010522731003023901,-0.010612393282609201,-0.006843448840712701,0.0021572865789491118,0.0,0.0018723503459885,0.006301568438685085,0.0032773945819259,0.0076752892567839995,0.0007888509480858,-0.0093751282182041,-0.0028298978643112992,-0.0119965413516887,-0.0029698982365844004,-0.029315819000000003,0.0,-0.014869426000000002,0.011297870999999998,0.023177486999999997,-0.015031553999999999,-0.010791612,-0.025232738979723106,-0.027360284024099214,0.0,-0.11676399740340043
2018-06-18,-0.0095202435031379,-0.0095195006240355,-0.024543214831444102,-0.06839420904662549,-0.0140887131163611,0.014721155566303405,0.02936837309675,-0.0223195727170819,-0.024158057016474,-0.005689710126542799,-0.0239678763087606,-0.009228942844943001,-0.0092767384434876,-0.027604579818069897,1.0332446703786857e-16,-0.0432569331694821,-0.0007705432711039,9.23744862327369e-05,-0.0013548607695205999,0.0007642987930969188,-0.0010519396104822,-0.0113539740047892,-0.005450463018423399,-0.013745419276968198,-0.02064610144236,-0.02012707,0.0,0.0027925320000000003,-0.055456806,0.008606212999999998,-0.020976776000000003,-0.042354203,-0.07484077400989751,-0.11979365454636942,0.0,-0.1094879712957886
2018-06-25,0.007612688570386999,0.0076130251382977,-0.0018827768628775993,-0.007740536524538301,0.0079332250057859,0.0059357965573400995,0.0082125873844162,2.1740095683200206e-05,-0.002643047578268099,0.010217858928586098,-0.0023580344582059005,0.007784112621229499,0.0075762664855762996,-0.0004893924290791021,-0.00019592476551739897,0.0,-0.0004405771632011,-0.00018475750629940542,-0.0006781193749913,0.0036436086575356,-0.0003947628184694,0.0200703892526737,0.0008235819414770008,0.0277929865621553,0.0035416604184942005,-0.014765717,0.0,-0.018089156999999998,-0.057615623000000005,-0.034896183,0.001026942999999998,0.00034715500000000003,0.056765572492731904,0.0321448615443794,0.0,0.009028127924398506
2018-07-02,0.024531212018996003,0.0245338247574453,0.0156244363300645,-0.012421619344228103,0.0250494101973419,0.021814049776821897,0.0273558665391628,0.006836791075745499,0.014778351756351902,0.0272639304926537,0.0139305834698984,0.0249276306146717,0.024484630831176298,0.006519131122210699,-0.0004899799206263189,0.0,-0.0013228973376756,-0.0016643554466129,-0.0016973129958798,-0.0016930504340442998,-0.000789993457807,-0.004278576532901399,-0.0047793513362804,-0.004076364256777801,0.020854049585480698,-0.001344465,0.0,0.025530775,0.043085399,0.022669096,0.015332132999999998,0.011526551,0.019103679342217208,0.0028045842862173924,0.0,-0.024682895632624498
2018-07-09,0.009683050692185799,0.009679676961671801,0.0098970076894564,0.0141820267025996,0.0061620798433045,0.027980349569328003,0.0301645334595127,-0.0021046627405312,0.012065704310587599,0.0094585915511385,0.010554378500925402,0.009944961857205701,0.0097845992051197,0.0100434731537257,-0.0012750725085863964,0.0,-0.0004413549668908,-0.0013890820402774919,-0.0020405856757717,-0.0033947244686275994,-0.0010542963549058002,-0.0010248070388025495,0.0015015948653869,-0.0020294486448027,0.0051087418101196,0.02186194,0.0,0.041343765,0.008013767999999996,0.041828500000000005,0.017717309999999997,0.012141206,0.0,0.008306360490089496,0.0,0.01906978875894562
2018-07-16,0.0093284083279492,0.0093285975212358,-0.004628236371344701,-0.0009288253684647009,0.01058105414097779,0.0028590802684039015,0.003452436938266898,-0.0183570370341421,-0.0038440987498397005,0.0130744902955349,-0.0053903802297375,0.009940018423071397,0.009284649014956098,-0.011284387804762,-9.814987493773012e-05,0.0157459172626987,-0.0001103691850358,-0.0006488992116452,-0.0010218564613275998,-0.0016165401061443,-0.0006595001228284,0.0058962447671876,-0.0026810314246239995,0.0092813626681305,0.0030506266734295004,0.045219961999999995,0.0,0.007935772,0.006277352,-0.0054447950000000005,0.0005747779999999993,0.037459073,0.134342593178255,-0.06401463973206702,0.0,-0.08215224235700329
2018-07-23,0.0194347187968121,0.019437052803404603,0.012836352409408999,-0.0176783158082081,0.0173868081096432,0.029978691560024,0.0372258915858159,0.0082688492091172,0.0146566281080493,0.020805986313679102,0.0139801841144108,0.019676857845597598,0.0194120914481413,0.013502044998282902,-0.0008837826470074758,0.0,-0.0003311806620764,-0.0015776533363715,-0.0022745375437887,-0.0040955688647371,-0.0010561057087222,0.013551694475729301,0.009526661675659,0.0151201984943519,-0.001561614555850497,0.041799232000000006,0.0,0.013180869000000001,0.0044938700000000005,0.04489955500000001,-0.0024057729999999965,0.039753021,0.059088700281933894,0.013719281153006902,0.0,0.0018645369009905877
2018-07-30,-0.0010992319329867631,-0.0011014917338103315,-0.0013337646468374,-0.0026363534390264993,-0.0022780767040248007,0.004916227159104699,0.006029030399640398,0.0066621770143182,-0.002151773333183,-0.0010684079360941,-0.0012181240829742001,-0.0012670483021355085,-0.001012153340499949,0.0029687609248198335,0.0006874539922097796,0.0,0.0006622516798333,0.0022265525480165997,-0.00034162728795510003,0.0030732481077814996,-0.00013209167181210002,-0.007779679888141095,-0.0012175353939464998,-0.0103461563760847,0.0169117775555088,0.009094066000000001,0.0,0.0033376720000000007,0.0003174009999999984,-0.011826475,0.08532133,-0.027357176000000004,-0.16275020975006105,-0.11688808072025231,0.0,-0.0744972266982511
2018-08-06,-0.014645122039484698,-0.0146461340894046,-0.0112026116220602,-0.022144786728525403,-0.0129531522746806,-0.023288875212709503,-0.023456983233124402,-0.0089330251964195,-0.0110883470317058,-0.0155963970337082,-0.010858666112092899,-0.0147704418995276,-0.0146381852788964,-0.0094108779827666,0.0011773941705511002,0.0,-0.00011034482769790003,0.0027762372079151,0.0023889437446494998,0.004931563434074999,0.00039622268232810006,-0.0026895089083138995,-0.019238272653014,0.003745201236428899,-0.010038287289282601,-0.011682918,0.0,0.008846344999999999,0.010613779000000002,0.011523115000000002,-0.0022141120000000007,-0.012657143,-0.0988367741447254,-0.3502514533611647,0.0,-0.40036320370436773
2018-08-13,0.005294242602757401,0.005296980979069299,-0.00033407003282120117,-0.018890199123900997,0.004216018042493405,0.0108140880147905,0.0151025591473266,-0.006259130456236199,-0.0010840384529081995,0.007030793197609799,-0.0016343888611388005,0.005546017439669801,0.005243729432814499,-0.0025281879375534,0.00039215686777076443,0.0272481620141387,0.0002206774807587,0.0015697865544105963,0.0020431335143688,0.0033869634410156994,-0.00013205678460950004,-0.0008881134741705587,0.011074064406604599,-0.0055253977647013,0.0123685759503346,-0.008329818,0.0,-0.013113106999999999,-0.039916364999999995,-0.029706115999999998,0.047290691999999995,0.013495316,0.0017388411580940046,-0.0434440028952779,0.0,0.14037945368018354
2018-08-20,0.006418890871810352,0.006416687716639035,0.017513495678072803,0.028487615667571617,0.006589146276316501,0.005546911451965101,0.0022476973618635997,0.014995997084506399,0.018655591074747797,0.0034406325720196997,0.018268260474397502,0.006232434107134279,0.006393691562408503,0.0187096371273032,-0.0005882929868658282,0.0,-0.0004414036708174,-0.0015697865544106347,-0.0017023212418280998,-0.0044902011308839,-0.0009248861067568,-0.017468306590209,0.0017511569691802005,-0.025073163526436397,0.0137963427738897,-0.0007844590000000004,0.0,0.007593333,0.10608728299999999,0.017043582,-0.006547663999999999,0.014967629,0.0873901573688978,0.040325653511693496,0.0,0.0537171982547091
2018-08-27,-0.008689064679584902,-0.008690718622458201,-0.004140542439484452,-0.029080151035296403,-0.009604594243671516,-0.0040306219876114,-0.00043250725123849957,-0.002089837969208703,-0.004207466216503409,-0.0098843895856041,-0.003983946622647594,-0.008834102803492202,-0.0085603061295302,-0.002938095687878,0.0002941897545121,0.0,-0.0008833922835968,0.0007390300567306999,0.00045423575616360004,0.0008487523850210999,-0.0006611570488776,0.0160051983433296,0.006413051277229013,0.0198265493189557,-6.904336959400554e-06,-0.0008723549999999965,0.0,0.035612878,0.030604638000000003,-0.0040104899999999985,0.05170262800000001,0.009792539,0.0530952500334885,0.012719745930248098,0.0,-0.002799973294538294
2018-09-03,-0.0108972267619701,-0.010896414652846102,-0.0226279758852247,-0.0304199825020898,-0.010552278105427,-0.012646720361404098,-0.010156006365705204,-0.012450067624629099,-0.022610433696901404,-0.008207405202203102,-0.021529379770012798,-0.010862488341695998,-0.010897411623680096,-0.0271491651052278,-0.0007846984218242754,0.0,-0.0008841733555674,-0.002496418475542853,-0.0029562272808531,-0.0056151245033891,-0.0009263548601304,-0.0107401835876564,-0.0024258051654111007,-0.014052623602743501,-0.0067857929013205994,-0.0022717530000000005,0.0,-0.037367211000000004,-0.031928033,-0.04500652,-0.028202256000000002,0.023302432999999997,-0.13713525159730908,-0.3837178169608911,0.0,-0.217384940079306
2018-09-10,0.0013061900430340005,0.0013055662803179002,0.0039883561884997,-0.022026094043771705,0.0035733817560011,-0.0103095013158359,-0.008694028199926901,0.0028684911360264856,0.001406829331441665,0.0012414953091097998,0.0015630779436564242,0.0012716129939957,0.0013382619758644,0.00018247653388780028,-0.0005889281677872902,-0.0130314809842558,-0.0005530055994495,-0.0023170685560046003,-0.002165860065812,-0.005217923818696599,-0.0006622078250068,-0.0027838220462793007,-0.0144082265048207,0.0018329268644921995,0.0040479214749600005,-0.007198698,0.0,0.046583058,0.016670426999999998,0.00033107899999999975,0.011412228000000002,0.014027969999999999,-0.007691796639393102,0.004030854619878385,0.0,0.007114293182389209
2018-09-17,-0.00017724901140989992,-0.00017429111842469976,-0.0048788629410661,0.003143640039667401,0.0024204127882352013,-0.0136682655509132,-0.0159923535079972,0.0034501411992741786,-0.0048193898160598,0.0007538819194369004,-0.0039324730446892,-0.00025815083123780034,-0.00020176196040869957,-0.005491570975487201,-0.0005892752085660846,0.0,-0.00044262477208200003,-0.002136455227208,-0.0017132092591922,-0.0041251347599627,-0.0005300821751473,-0.0034592447913667007,-0.01194558233461,-6.626446148980006e-05,0.010526648596303301,0.037609775,0.0,0.007819738000000001,-0.048093953,-0.004987015000000001,-0.027997263,0.013415772,0.04881290751757229,0.14490675043809184,0.0,0.5972513401640878
2018-09-24,0.0176679509802847,0.0176646986997967,0.0036487942405120997,-0.006468495346931301,0.0168203212856598,0.022089102309489704,0.026003392488964598,-0.0035320691273219,0.0047534052867330995,0.021194614411147103,0.0038432200918446,0.0181502811200858,0.017688524798808898,0.00275092053075219,-0.0004913280696295999,0.0,-0.00033209719683080003,-0.0015820579354880555,-0.0009149131470772001,-0.0006030064359831798,-0.0006629981015914002,0.0014583652466643006,0.0038106265439999997,0.0004998870841127403,0.0017864603413702657,-0.043441760999999995,0.0,0.0009622629999999999,0.064562157,0.029390162999999997,0.036449682000000004,-0.005633128000000001,-0.0008782688203482006,0.008870608201886303,0.0,0.15293191274606768
2018-10-01,-0.0242105857458309,-0.0242060448464596,-0.0509917141590554,-0.07062045414459489,-0.030015546973639902,0.005494445070320202,0.015327863313270598,-0.024737992379034995,-0.05360825993331,-0.0176607792260896,-0.050396342680413694,-0.0241981693083548,-0.023925291453497304,-0.0382511097221698,-0.0005899125134201,0.0,-0.0007753226284161,-0.002611211033260513,-0.0014885214862699,-0.0035392155723004996,-0.0006634379597153001,-0.015270199197725539,-0.0318842998075817,-0.008586910033322098,-0.0138269931358133,0.015651485,0.0,-0.019779948,-0.040522551000000004,-0.033056910999999994,-0.0064440899999999995,-0.003161401,0.009456453074405399,-0.006577955691602308,0.0,-0.1630105891304052
2018-10-08,-0.0359709008587476,-0.035971159568791496,-0.044298790932330696,-0.057530710028460906,-0.035190551887591896,-0.03990414972287511,-0.0377443832217616,-0.043290204668134706,-0.040239274127614494,-0.03483930814992752,-0.0405822045927526,-0.03580493986046911,-0.035985776949916004,-0.0372073974748978,-2.9983611080086625e-16,0.0,-1.0003120293894385e-16,-9.985502008591496e-17,-0.00011459347975609994,-0.00017296549381519985,-0.000531067458047,-0.026374984395551197,-0.0250590776208382,-0.0269044715562625,-0.0474391636321275,-0.069260929,0.0,-0.023095272,-0.090379027,-0.041336597999999995,-0.009767068000000004,-0.04915597399999999,-0.008406867655258193,-0.0891379085547404,0.0,-0.09063181870497623
2018-10-15,0.0237798152350472,0.0237768173993924,0.009238079826763498,-0.012903837079485201,0.02234188296922568,0.0310073559237846,0.036211364727269206,0.0102771392910556,0.009942753826387601,0.027126643277935115,0.009982301032754302,0.0240828131927857,0.023796790684208802,0.009621305988993203,0.0006881974415056752,0.0226395442397357,0.00044311510639770006,0.0022385980806491996,0.0011453443011309999,0.003884505726201101,2.0003530082357557e-16,0.028675280793722197,0.03359297443964491,0.0266979628882386,0.0018486676883199002,0.008936176,0.0,-0.008339836000000003,-0.073060133,-0.013802512,-0.012686519999999998,-0.017632083,-0.016720430504240165,-0.027361355733025703,0.0,0.012867434665007097
2018-10-22,-0.012635711219553664,-0.012631645209363409,-0.022387348331296998,-0.042169769040777697,-0.0067703131062265,-0.042556891576549696,-0.042600380487512,-0.018995227304286003,-0.021494244923333003,-0.010583223858975999,-0.021214937731533004,-0.012494208677209661,-0.012824068879450196,-0.013536695027605994,0.0006877241514855463,0.0,0.0006643047188496001,0.0028841253652719997,0.0019440797477517004,0.0044700495646685994,-0.0001328109438167,-0.0104936576674458,-0.0027621147725347996,-0.013576944632473602,-0.04248452089103369,-0.042499235999999996,0.0,-0.015768855000000005,-0.14473352,-0.01958095,-0.013819884000000001,-0.04962457499999999,-0.0241092069408411,-0.0338789063769374,0.0,-0.0259229850201507
2018-10-29,0.0269317331850993,0.026929177043133596,0.028794679256474408,0.040378400800396404,0.023658905279668744,0.0437592364583373,0.0441448155535612,0.024087393165980603,0.029015789270813004,0.026566338225302195,0.028463183901497695,0.02699388875763608,0.027053810961374627,0.0268897147180454,-0.0011792454196755,0.0,-0.0006643047188492001,-0.001952853180253669,-0.0011431185515471001,-0.0032646077104175,-0.0005314202330459999,0.009127527678540196,0.0136212258811619,0.007318983724075002,0.0360886518385139,0.046845196,0.0,-0.007507495999999999,0.080535299,-0.011377026999999998,-0.041631421,0.027656708000000002,0.013649525097956399,0.0583128134165359,0.0,0.1192089269101063
2018-11-05,-0.0056505144954964994,-0.0056516762570282,-0.023847542379135302,-0.06894241489714961,-0.008409414945071799,0.008291293497019602,0.0167381020344326,-0.0142171275612749,-0.022786400617167597,-0.0018204985898677018,-0.021826073480733198,-0.005463031100632101,-0.005539620155057799,-0.0165137613855851,-9.996344030316351e-17,0.0,-0.0008864266508403001,-0.00037240480832579997,5.421010862427522e-20,0.00017208742083459983,-0.0005317027906735001,0.0014272124211389993,0.0034048381548406996,0.0006293939388764998,-0.004424907440035602,0.026495872,0.0,0.031616186000000004,-0.043992923999999996,0.005147784000000006,-0.014613664,0.032727808000000004,-0.007566335029288701,0.006326464633662403,0.0,0.03894331599676819
2018-11-12,-0.023242929639484503,-0.023243313800864602,-0.0388966086767775,-0.0589831084046699,-0.024195386726689,-0.0184869253093154,-0.014338145420517699,-0.032811072173441105,-0.0382516572633306,-0.019898422973220302,-0.037638044306757906,-0.0230354548342636,-0.0231683521907869,-0.0348620868390423,2.813504637599884e-17,0.039107747692329,-0.0016641707951216,-0.0013045100619988,0.0008003201707692001,0.0025777639295553,0.0,-0.0094041254196919,-0.007662981689429797,-0.010111980071418001,-0.0131035020838377,-0.011749982,0.0,-0.011750792000000006,-0.22378804300000002,-0.00815745,-0.054988725999999995,-0.011844779000000003,-0.26839897664329254,-0.34397591512690107,0.0,-0.0784040199890849
2018-11-19,0.0132873311267768,0.0132909842686328,0.011889137607720299,0.009424231826804899,0.0132139119541114,0.0136554150157323,0.014078569769105199,-0.005708721310950001,0.0133643715995586,0.013760305546150601,0.0112276719921213,0.0136937426666105,0.013229768350505799,0.0056283201276262,0.00039323634010449994,0.0,-0.0007775618275685,0.00027968116529659986,0.0013704890221834,0.0035122321623523,-0.0002659574483761,0.0012286842487581008,0.0056498531475753,-0.0005678732067077967,-0.006442759106937998,-0.030836971,0.0,-0.049404454,-0.125751157,-0.03638465,-0.116253483,-0.036260496,-0.2539060207145747,-0.3198918352494752,0.0,-0.296570546831582
2018-11-26,0.017224238623368,0.0172210197727393,0.0102515261610923,0.018796553127720397,0.0142849891345042,0.031731089782166905,0.0330113494907847,0.012030019248247502,0.013396647622152797,0.0181360125185066,0.0132441538430474,0.017334173182253634,0.01728977458788936,0.0083252687034461,0.0004913280696296076,0.0,-0.00011112963283070002,0.0011179431013412999,0.0009126169923848,0.0038407421429060007,-0.0001330052539034,-0.00016324265240250015,-0.005428667089956985,0.0019799849180039994,0.04280443037210751,0.041688004,0.0,0.07313033999999999,0.11965097300000001,0.07438871,0.03585762299999999,0.024069332,0.029976699591042592,0.00543145726001612,0.0,-0.0190194762347317
2018-12-03,-0.06108124881615119,-0.0610800289869563,-0.0659298215787862,-0.1020312097237355,-0.0628201965919658,-0.05260883745673969,-0.0478787607795154,-0.050409233590625505,-0.0655042765385986,-0.0604582300899862,-0.06381121513838589,-0.061308454483607305,-0.0609497333682642,-0.0565951381680338,0.00019646365485579995,0.0,0.00011112963283079998,0.0013026893067676997,0.0004559963599304001,0.0039957545193363,-0.0007984032360244,0.0050038706673422,0.007045161351744001,0.0042121377814562004,-0.056259295882095,-0.07369989199999999,0.0,-0.056294117,-0.101811055,-0.058516928999999995,-0.058160255,-0.056344985,-0.1059489872920586,-0.1722937832213134,0.0,-0.1381111830699786
2018-12-10,0.0036396319514414004,0.0036392294529698013,-0.004109277049617702,0.0075462602676392015,0.0035057426136373016,0.004292124669280003,0.0039880865436379,-0.0151862055589739,-0.0028122643403007044,0.005426309277197701,-0.0042214586481834,0.0040453093171369005,0.0035926107104065023,-0.006795194027646202,0.00029462313004682014,0.0170506963560447,0.0009996113455231,0.0013009945148855,0.00011396660790730007,1.2998228795385591e-16,-0.0005326231816992,-0.0133565494057979,6.375540594870084e-05,-0.0189802273534619,-0.035414974166955,-0.029474576000000002,0.0,0.011477470000000004,-0.007889607,0.004889706000000001,-0.018026107,-0.016500501,0.012260531749113207,0.036918654633299006,0.0,0.0781369823484517
2018-12-17,-0.047094683748564195,-0.047094880335871496,-0.036985248623478705,-0.0177225155269276,-0.0468862883251356,-0.048110222264032595,-0.05100255833498593,-0.0158483247481046,-0.0377695882912762,-0.049794103993173494,-0.035260946779711,-0.04777450561064481,-0.0471112759738152,-0.0354841764657741,0.0013737613778583245,0.0,0.0014421212771672,0.0052795009861811,0.0021629014066884998,0.006933316012853701,1.0001765041178778e-16,0.008285147849541699,-0.0223490596153543,0.020948001859937698,-0.07961662973409847,-0.062964361,0.0,-0.076410365,-0.122462709,-0.059205897,-0.093360188,-0.052667504,0.1399715264455933,0.3880563909541236,0.0,0.2139246905808973
2018-12-24,0.0290111355627115,0.0290094152912876,0.0102845414177164,-0.007233365852206401,0.0255775587054299,0.0454941847972177,0.050463490788526605,0.0181769444803128,0.010613446181589799,0.032991741240295705,0.011494033036687801,0.029249625173913,0.029144715763375597,0.0188579425234211,0.0009801039694700296,0.0,0.0006648936415161999,0.0035962969277868,0.0018177691894697,0.005461968958943202,-0.0007994670645667,0.0026207089427226,0.0172214988099025,-0.0033432229720814005,0.0641436811722444,0.027855244999999997,0.0,0.021750891999999997,0.031003044999999996,0.054411756,0.03583912399999999,0.010146075000000001,-0.08594622929934251,-0.050226798154513405,0.0,-0.14268218135138389
2018-12-31,0.0113166621873632,0.011317759403163302,0.0365314619413281,0.041641417955474304,0.0132687734767817,0.0019895800047678,-0.0017200105889573995,0.0189411638252482,0.0363128506711233,0.006077826537829801,0.0343022976623175,0.011149418235476702,0.0112251078999563,0.0321315468274364,-0.0007840063122085,0.0,-0.000664893641516,-0.0025806465934916003,-0.0019314895512228003,-0.0043671859113681,9.999054535747565e-17,0.014598091422261301,0.0124887085867455,0.0154686416421936,0.016944798235783,0.039089626,0.0,0.015223712,0.018826616000000004,0.029549154999999997,-0.052361792,0.029092414000000004,0.07277922957408992,0.12878550213594483,0.0,0.03246951712742141
2019-01-07,0.024574235434621998,0.024576127119099105,0.019953919062746697,0.0323598236618816,0.0253144767099715,0.0210064368792785,0.0199141218931773,0.011070754660412886,0.023514670449792004,0.0251473134720062,0.022092319180863997,0.024869912568303405,0.024563799973827297,0.016329824445953815,-0.00019609765726135174,0.0,-0.0001108585999693,-0.001292825002305153,-0.0010240656296903001,-0.0035413190466512734,-0.0008001067235744,0.0118141957935702,0.0196906644522836,0.0085607315934137,0.012828732337007799,-0.007776652,0.0,0.008499079000000001,0.088753716,-0.012695400999999999,0.026819083999999993,0.020149267000000002,-0.0826193767515069,-0.16155462844514562,0.0,-0.08766503121398689
2019-01-14,0.0283119461654491,0.028310543230086804,0.0353401685398946,0.0389572892307885,0.029914831231547902,0.020542211887724298,0.0187406241695818,0.0141152585196263,0.0352021507263655,0.027267545976067103,0.032829134991431,0.0286183008472119,0.028218267143434898,0.026018732437983298,-0.00019613611909489998,-0.0108539253436965,-0.0003326495567627,-0.0004621285723909,-0.0007972211571942,-0.0017753735060162,-0.000667244970375,0.0006788445778734015,-0.0075921785666219,0.0040947352536490995,0.019285384812031202,0.045778085999999996,0.0,0.046657039,0.05299508,0.039447652,0.029312156000000002,0.032164981,-0.0357132898488355,-0.09682288372487469,0.0,-0.0396547592581156
2019-01-21,-0.0138450089539673,-0.013846745170373098,-0.0015257393582713006,-0.00018461708192029844,-0.0139315733668761,-0.013426308741831145,-0.0147436493160738,-0.005073583536266401,-0.0019577077671695995,-0.016538389879908,-0.0023046798016591,-0.014034148923579102,-0.0138016856813243,-0.0037261702430471996,-9.808248745060375e-05,0.0,0.0004435081567319,0.0022162720310021184,-0.00011394063705159996,0.003716220493052,-0.0005341167171975,0.006486982766483899,0.0060811091804622,0.006651031249320199,0.0041502878543444015,-0.011539671000000001,0.0,-0.005026081,0.020311031,-0.005242690000000001,0.005976163,-0.0009874379999999998,-0.0299695038553753,-0.0945327085516261,0.0,-0.08427563504774671
2019-01-28,0.0166577499232703,0.016661847418807798,0.0035176299940802014,-0.029162500886996102,0.0125584191300426,0.0363807695432587,0.04271941097516729,-0.0029755478082601,0.0038413062217223003,0.019820703637735,0.0030852656623344002,0.017078010167005102,0.016748659113025,0.001112080654558101,0.00039227224196230006,0.0,0.0007756662807875,0.0033152254325582,0.00034178297114269984,0.0032824167837679,-0.0005344021503265,0.0071233713305991,0.0058933450661509,0.007626494268693801,0.030184532398998102,0.004728122000000001,0.0,-0.041825569,-0.101240917,0.015413815999999997,0.054040581000000004,0.020949022,-0.003260332014628,0.0114885599497998,0.0,0.01793154761497809
2019-02-04,0.005505637305549001,0.005502299373579399,-0.0005124873608030028,-0.0186929404196065,0.0041914368421686,0.011731934037800602,0.0145215226824267,-0.0018178715226078012,-0.0019606639084065996,0.0072203559838197005,-0.0019445929736798002,0.0056602914146603005,0.0055500100445414,-0.003086128908187602,0.0008820503340530642,0.0,0.0013283154487959998,0.004037073103878085,2.0014372104082412e-16,0.0041088481772165,-0.0008021390804428,0.0022077101321601993,0.0035700252049596,0.0016535883979875003,-0.005545889125007801,-0.024557812,0.0,0.027730240000000003,0.023490353,-0.014624321999999999,0.023091875000000005,0.026593643,0.05327301749262281,0.1177755514551676,0.0,0.008437227374191194
2019-02-11,0.0230536664448429,0.0230551012989046,0.024282585126934597,0.034039161757675795,0.0244833523814301,0.0162797753013595,0.0146646353939668,0.0103699074956438,0.024735456271319,0.0230299427271467,0.023157881414312097,0.0233193685994322,0.0229632220326355,0.017874061187180802,-9.79671810728764e-05,-0.0043315835392093,0.0004423800116381,-9.157089883210019e-05,-0.00045573659214200013,-0.0011722349161147005,-0.0005351170696253,-0.0040514364030858,-0.0022186319325566994,-0.004803550300826001,0.0254897616103702,0.040506256000000004,0.0,0.023845189000000003,0.06004878,0.015526795000000001,5.865699999999972e-05,0.031201855,0.0707006988871715,0.18602657634761371,0.0,0.0603302176074096
2019-02-18,0.012769225862799702,0.0127678048532733,0.009140753296233602,0.0233651241035153,0.0130130339528313,0.0116089809326761,0.0105216495511816,0.0011352924555514004,0.011451815387471899,0.013327125633820101,0.010330838181535,0.013008370205896999,0.012757650571742298,0.0124789081030559,0.0002938727552128992,0.0,0.00011056443153510003,0.0005492996567668087,-0.0004559443826848,0.0012559134233389,-0.0004015258034271,0.0027707062474122,-0.0032753032497054,0.005250314792831799,0.0058645724741508,-0.0052244529999999996,0.0,0.025093701,0.011689438,-0.002745743000000002,0.014852191,-0.0007830479999999997,-0.008467975922876392,-0.04390386523555289,0.0,0.021357259590400704
2019-02-25,0.0054055436873249995,0.005407464151478399,0.008971106792565402,0.019783580080296202,0.005223910282833301,0.0062760277464460005,0.0050100443540001,0.0136848164433239,0.0097090865318017,0.0043198759170521,0.0101396211486229,0.0052350476000694,0.0054203505780548,0.009228271766702,-0.0006858374834059477,0.0,-0.0009955202415014,-0.0033921646096018,-0.0015974444291569,-0.0054537199402751,-0.0009375209954755,0.003191323902728,-0.0019345095581458048,0.005275510476699,-0.0011809080765153002,-0.005443357999999999,0.0,0.013959941,-0.017362038999999996,0.028221628,0.011496361,0.016315291,-0.031696860948007305,-0.0901122758630197,0.0,-0.0738185921251614
2019-03-04,0.0011635167380629006,0.0011633826659356002,-0.010697770638715,-0.0404916885040092,0.0007144304468354006,0.0031765620797748013,0.007256708980920701,-0.021999683515410103,-0.008772718495112101,0.0037834158778564,-0.0101986521986744,0.0016408723044984003,0.0012010499441040988,-0.011194021423428104,0.0013712049161184053,0.0,0.0009955202415017,0.005951580997605663,0.0023952107259548007,0.009712065622851958,-0.00040206393358049994,0.013650678489305599,0.0097854781571395,0.015212551362840198,-0.003410983363162697,-0.013690901,0.0,-0.018113811999999996,-0.037843561,0.0012617340000000026,-0.011843278999999998,-0.026880047999999997,0.0374830219276249,0.046336434441126007,0.0,0.019252881612252103
2019-03-11,0.0160926116345545,0.0160931920446035,0.015725077390641003,-0.0018825716448998006,0.019880466474793003,-0.0025057940925344983,-0.0025463481004215993,0.0089379597030237,0.016157902414826304,0.016250709389298,0.015386958061010399,0.016238267379149098,0.0159501362128187,0.0157605172486203,0.00019573302078528047,0.0086081672724532,0.0002210921963458,9.128668590020002e-05,-0.0005697681197957001,-0.0016677789055878002,-0.0005363368323792,0.0085934102353647,0.02538758029203,0.0017373999756477997,0.0176777675868345,0.033788296999999995,0.0,0.04770803,0.11978725700000001,0.034469486,0.073620355,0.024501193,0.0320723682402878,0.040564814420337096,0.0,0.0202883875625951
2019-03-18,-0.017999642020368675,-0.018002578620717635,-0.0234373823516581,-0.021876340567566602,-0.0195676456869731,-0.0101799771533595,-0.009072477512621399,-0.0227059691024872,-0.021702400396487097,-0.0171360005400529,-0.0218099158311725,-0.017905437301039627,-0.017948420017222327,-0.0181510234069162,0.0011735942667307308,0.0,0.0013255276435459001,0.0059158306773382996,0.0020496477227945997,0.008145668844935701,-0.0006708258116994001,0.0041264915526335,0.0003857922091219995,0.0056686602358118985,-0.012281510364047602,-0.065847066,0.0,0.009787157000000001,0.044290468,0.014470964000000003,0.02614359,0.003085008,-0.0173692199234757,-0.031660691195924504,0.0,-0.0430791036689748
2019-03-25,0.0251563988436381,0.0251590966517114,0.0298021119496487,0.0255475881529637,0.0254528442481204,0.023685161771079002,0.023509028264826898,0.02262155405402,0.0286825830040369,0.024504975228005987,0.028038138717974802,0.0252076678629547,0.0251184687803967,0.024706326618914202,-9.774693326780005e-05,0.0,-0.00011039355312870007,-0.0008170305933143001,-0.0023916644849497,-0.0075616297811521,-0.0002684563774513,0.0028462778946724996,0.0140919947356892,-0.0018134549561045217,0.024298924771354202,0.014627863000000001,0.0,0.0075748180000000005,0.011538782000000001,-0.025800939999999998,-0.005774335999999999,0.019635235999999997,0.04805907438343621,0.0491268584799979,0.0,0.0281830812625095
2019-04-01,0.006610163637173304,0.0066076613024823525,0.01565711663083,0.015571335437686601,0.0078684129057462,0.0003388202605678998,-0.0011102821544949997,0.0068902168825324,0.0169973338883651,0.0044865843808784,0.0159239780277409,0.006604732971307957,0.0065919289395648594,0.0130709625947128,-0.0002932981396592381,0.0,-0.0004416961202551,-0.0015451036929852,-0.0014834258440043998,-0.005436386909691501,-0.0008058018163652,-0.006590073261534699,-0.0412857541212783,0.0075467751188746015,0.009918595410862565,0.039513177000000003,0.0,0.01639861,0.061502201,0.028942573,0.036442868999999996,0.01734183,0.24069674642438424,0.23976223764377122,0.0,0.13579235821689467
2019-04-08,0.0029252445270337,0.0029271770581237996,0.013887679639501702,0.0209365680333324,0.0063578505859869005,-0.0143586185354209,-0.0178079172289536,0.012378725770327798,0.015470834810294801,-0.00011275144971510144,0.0151450297311041,0.0027238185014395004,0.002766042988743499,0.0106695047833345,-0.0005868544769366,0.024242332498111,-0.0007734379701620999,-0.0022765570092716,-0.0017143840989644,-0.0031078098173376,-0.0005375621685693,0.0094474641781293,0.0060431377851601995,0.010795700698525099,0.003381974661194498,0.054511935,0.0,0.008802564999999998,-0.0049349120000000005,0.009268123999999999,0.009447595999999999,0.004750628,-0.04300462946640139,-0.1094293359158495,0.0,-0.1100140872869705
2019-04-15,0.0141766114676735,0.0141751014053474,0.019259854594589003,0.0425260352291778,0.01662069292184589,0.0017108695119478004,-0.002441298150746899,0.0119267102376554,0.018937808312146302,0.013178460030541999,0.018212376589194702,0.014221687205914602,0.0140913145465178,0.015418274324168599,0.0003912745819263755,0.0,0.0008838802917722,0.001639643289546959,0.0005717879965953,0.0020169769002765995,-0.0006723593341436999,-0.0060345964872865,-0.007315002400478599,-0.005524595620697201,0.0008222171081848999,0.020030046000000003,0.0,0.019810782,-0.019718382,0.015210113,0.024782159,0.039760294,0.06351109619432489,0.06180120051966742,0.0,0.009367283786268103
2019-04-22,0.009863309106940499,0.009866146454272301,-0.0004931329584022997,-0.0059510788881707005,0.012905970764644399,-0.005850843787545701,-0.005839964234979901,0.0020334982440222,-0.0016311796126988998,0.0125837875851046,-0.0012589535341498998,0.0100226115989353,0.0097928181069526,-0.0015505357428665994,0.00029335550007485395,0.0,0.0003312537986453999,0.0018186783225104996,-0.00011433144698899997,0.0020129168920293996,-0.0005382131453927,-0.0078189187405767,-0.0019793916924362004,-0.010136047281676601,0.011984419629878501,0.008862446,0.0,0.051499936999999996,-0.045069282,0.028546194,0.0021560380000000016,0.018693239,-0.028557759252320496,-0.1020380808221625,0.0,-0.0959755279940289
2019-04-29,-0.0025335850246868,-0.0025348556031882003,-0.010731310445148747,0.005026235747236298,-0.003932905427149601,0.004735229059600302,0.004704496729450398,-0.0015358150798004237,-0.0107447202175214,-0.0007758361239445003,-0.0098021589527044,-0.0025538992929995995,-0.0025103675934009004,-0.0098679067890564,0.0002932694678628,0.0,0.0005518459386221,0.0008173273850988999,-0.00034307279197480007,-0.0005028494909845001,-0.0004038500425084,0.0056569228989153,-0.0003702865648858994,0.008047932644356002,-0.0035945915651624995,0.014311377,0.0,-0.007651067000000001,0.027251756,-0.071267285,0.035816813,0.007461170000000001,0.0909207259992829,0.1065575393379313,0.0,0.027152397087900293
2019-05-06,-0.030020996678916598,-0.0300211391638758,-0.03778386120654249,-0.06294216150777229,-0.0281711354742882,-0.0395901327157761,-0.0371944193368743,-0.0294713967704087,-0.0353880094101483,-0.0288841421047761,-0.0347757378928964,-0.030032611179536504,-0.029981900227740096,-0.0344661810346425,0.0008792927145590628,0.0,0.0007720730544004001,0.0028101364637842644,0.0011431185515469,0.0039322368175184,-0.0001346529322709,0.002383315854409899,0.0118562430055482,-0.0013774848628248996,-0.041995328875344996,-0.031582008999999994,0.0,-0.013826674999999995,-0.08070766900000001,-0.018590483,-0.071289356,-0.011067054,0.3073897084643378,0.1311380992175748,0.0,0.0735701594669733
2019-05-13,0.021662347809881702,0.021662288373518898,0.0107757427835846,-0.0166557937181228,0.020802839177321703,0.0261176306612795,0.0303199241035584,0.0032279366931309995,0.0146133509529028,0.02361128216159844,0.013438675094981,0.0220343277576643,0.021752809301449502,0.0113592009933449,0.0003905487259168,0.0596751592300089,0.00011024750576179996,0.0004525091710318547,0.00011424001840249995,0.0017519714154636001,-0.0004040676194783,-0.0059256298134937,0.0067143360283908,-0.0110256335225513,0.010035292370633997,-0.015586171999999997,0.0,0.007366882000000001,-0.07558542099999999,0.0009758350000000013,-0.042369961,-0.009836767000000001,0.020692388060056605,0.24646780992858813,0.0,0.2011728086832758
2019-05-20,0.014350354256664598,0.0143505010168808,0.0089276165428155,-0.004689349858203799,0.013488092337103599,0.018793857919265702,0.0210225061536602,0.0073781335958423,0.0112344879787781,0.0151764220858184,0.0108392464107157,0.0144888109816005,0.014390082959886297,0.006715478901095101,0.0011707318410353888,0.0,0.0005510552847884,0.0024400174773658,0.0013698632279136999,0.0052375727662482,-0.00026946914741360004,-0.0028807475969497,-0.0006936611103966004,-0.003775313275072,-0.013412410284620702,-0.009615440999999999,0.0,-0.014392203,-0.07548004999999999,-0.026152233,-0.054528821000000005,-0.019428494,0.09868164647525171,0.08007761781908439,0.0,0.0869726166542958
2019-05-27,-0.009703577415682198,-0.009702389541859303,-0.0164523118780803,-0.041289061684494,-0.005885277645548699,-0.0295913249191057,-0.028517958318031698,-0.015309166409288099,-0.0156141895705785,-0.008327290553496,-0.015583518584107801,-0.0095917019137596,-0.009791681640894003,-0.013395775716356001,0.000682294485263,0.0,-0.00022038567582320005,0.0010825440840685,0.0012540616133629,0.005045294189335601,-0.0004043399205973,-0.0055123340352434,0.0006196037428328999,-0.0080230252962789,-0.0208919339376435,-0.034778856999999996,0.0,-0.020487257,-0.069091182,-0.028606322,-0.022032254,-0.014320890000000001,-0.0701776561751807,-0.07712992943332642,0.0,-0.019546970627271603
2019-06-03,0.0212824928870917,0.0212832161084224,0.0282680306030191,0.050401353191793105,0.018790367477077297,0.0343169823231905,0.032837578610167104,0.0055479561185456,0.0305773508893728,0.0196986787423254,0.0280474504237453,0.021589722592145102,0.0213392043998776,0.025366659367061402,-1.4734307524078005e-16,0.0,-0.0011026575160667,-9.016726032890009e-05,-0.0006838386407360999,-0.0014035090023201,-0.0006742633928164,-0.0010544556973892004,0.011400616854696,-0.0062408147923817,0.0505436830322061,0.029753077999999995,0.0,0.060548476000000004,0.07149963499999999,-0.035067794,0.082627252,0.047250058,-0.0257477148643755,-0.020346709901073602,0.0,-0.06135190262487591
2019-06-10,0.0013665529719044,0.0013643517750473,-0.0067063508150749,-0.0374090760560477,0.0009814796011531001,0.0033598494917818997,0.007058602534943501,-0.008720082504242499,-0.0044260609168472,0.002823416833015539,-0.004854959477940299,0.0015606832164585,0.0013799073278611001,-0.0050463674308561,-0.0001948937835051757,0.0587127860722774,-0.0006621785916829999,-0.0009021200431380001,-0.0001140185851526,-0.0009092036829162,9.999054535747565e-17,0.0087656028430929,0.004542654899851011,0.0104799987866551,0.0010179351339473998,0.006027928,0.0,0.007959133,-0.005928190999999999,0.016643305,0.013528958999999997,0.0031877790000000004,0.15271764715410177,0.10291683577452121,0.0,0.11243925766748511
2019-06-17,0.0047034606358669,0.004703909289391199,0.0094417979092252,0.0276203206343901,0.0045820311309376,0.005334215912219801,0.0033326893700977,0.0063745318819006,0.0071883260800924,0.0041413671939473,0.007107532368679901,0.004671669836565199,0.004674958924481901,0.007375296658080302,0.0007793473360858003,0.0,0.0015444018513740003,0.0027039223324007997,0.0011396012629335,0.003796637112527901,0.00013488905395769998,0.013875567797217003,0.0038622598554496,0.017909524565152577,0.0190853467895169,-0.003466189999999999,0.0,0.033556736999999996,0.04805240300000001,0.03533448,0.030856533999999998,0.008642598000000003,0.16670366156110808,0.1235325326536627,0.0,0.04794772868474959
2019-06-24,0.0085087474288371,0.0085091586809005,0.0206013814941,0.0464405861930378,0.0074832069166833,0.0137979597429667,0.010776533161571176,0.012884049356586299,0.017975948496608503,0.006385589441373901,0.0174665502408969,0.0084237305560189,0.0085113338772237,0.0161275903754503,0.0002920987314472,0.0,0.0008814456278051,0.0021578861097772983,-0.00022781638098299997,0.0027148221190578,-0.000269796305427,0.01200731454893,0.012515495958227145,0.0118050734986802,0.0064233817260011,0.021335114999999998,0.0,-0.022220631,0.07896755999999999,-0.038561628,-0.004335776,0.0016050329999999996,-0.03964242643787071,-0.05558292843185561,0.0,-0.14444548086262973
2019-07-01,0.0025958141979576014,0.0025960316950649,-0.006431909419846201,-0.0069156606518054,0.0048002518182878005,-0.0088084422681703,-0.0089867324456708,-0.0082484852522888,-0.0062863542904426,0.0047482752307048005,-0.006482171974435,0.002808203184632099,0.0025326548519814997,-0.0046909102129652006,0.0005839416224323001,0.0,0.0012107205265194001,0.0034966638038848004,0.0011385632563213001,0.0072036984733406,-0.0005398110792351001,0.0111488882848369,0.0200956660558793,0.007533539603343194,0.003912278485603899,0.015003121000000001,0.0,0.022877471,-0.024657602,0.0450274,0.031383882,0.011390293000000003,0.14919535113503338,0.064647743255337,0.0,-0.013185024649045602
2019-07-08,-0.016214008847145203,-0.0162144092260783,-0.006939568450759101,0.0092425310786323,-0.012153084356611204,-0.0376390952115756,-0.042181232198979894,-0.0111133998919512,-0.008103419367179399,-0.018065115726861702,-0.0084032170654232,-0.0163137196676669,-0.016342854510628897,-0.0108909653395014,-0.0007786646295712001,-0.0094882524840198,-0.0009904804639617,-0.005924613380217701,-0.0033054113414119008,-0.0102480913295004,-0.00027001485245749994,-0.0020028617083292,0.0011493446808646004,-0.0032847528467711985,0.0128043149975329,0.015822744,0.0,0.013335435,0.045029594,0.011123840000000001,-0.004564051,0.0031097369999999996,-0.120144829073392,-0.30990117245040594,0.0,-0.2417326912628394
2019-07-15,0.0100980457220233,0.0100963214182228,0.0013080754337803783,0.051652144877031,0.0105062884049458,0.007914407790815804,0.0034601113446506974,-0.0162636749386924,0.001429451817612799,0.012561607729674703,-0.00031746802501599926,0.0106054062361554,0.0100554730025378,-0.003638120712839001,0.0022370286039552,0.0,0.0019799808470448,0.0058351078979472,0.0033054113414115,0.0086971339148107,0.0005399568165744,0.016568330397312002,0.007597057489261902,0.0202057237525659,-0.009757833706651498,-0.015382246,0.0,-0.016550894,0.004939774999999999,-0.012113145,-0.0034985280000000007,-0.023706557000000003,-0.05199194578752081,-0.05463013563688559,0.0,0.0213232558964912
2019-07-22,0.007763217282543401,0.0077620807552501005,0.011856640868184887,0.0255033314924052,0.0063987466417027,0.015039009673249101,0.013941774764467299,0.00998353970522,0.013860090280648699,0.006414791341147299,0.0134816488460459,0.007720792135399999,0.007853278011480301,0.007541779691218199,0.0010681168175756,0.0,0.000988522239868,0.0036631713958132,0.0007962236671578001,0.0073254437950177,-0.00026994196411709995,0.0013475404489991004,0.005186153696448494,-0.00020256823744560027,0.0119681748233152,0.023329747999999997,0.0,0.033964993000000006,0.038606312,0.095723897,0.025103105000000004,0.0035775909999999998,-0.08301509739376671,-0.029347023161966364,0.0,-0.036186711366426705
2019-07-29,-0.035410587243463396,-0.0354095879610935,-0.037292011542914796,-0.0752679074793347,-0.0378787890103206,-0.0224023973817901,-0.0169844362114743,-0.0174718333556756,-0.0415102455709071,-0.0345295755619467,-0.0391397406258369,-0.0357552072330863,-0.035309089217685705,-0.0318370730894921,0.0028104878702199,0.0,0.002631291946869,0.0079943577298504,0.004424534984813101,0.0148914089182422,0.0010793309196755001,0.012277669640810701,-0.006206332411236499,0.0196699212456839,-0.060106296867216205,-0.028716834,0.0,-0.031917617,-0.082602122,-0.040062042,-0.018069269000000002,-0.032787939,0.21527341652398618,0.1031118683999254,0.0,0.0407046418809044
2019-08-05,0.015708129264894802,0.0157083347652125,0.0049029730111999,-0.023632418733879203,0.013822253719136698,0.0255148488406027,0.0302754720073088,0.006398132364094,0.0053827238606047,0.0180939968689672,0.0054869524539889,0.015884522562979,0.015756794646927398,0.0047702236190801,0.0005804953723382001,0.0,0.0004378763069415,0.002650646542217169,0.0011313498208648002,0.0089087448891095,-0.00013485267365859996,0.0146773981463126,0.0427780476774087,0.0033605369890263,0.013390960649382697,-0.028654244,0.0,0.005899388,-0.044463118999999995,-0.006221702000000001,-0.014962873000000005,-0.008007674,-0.0364912706431275,-0.1030171780192953,0.0,-0.07454338735866008
2019-08-12,0.0063172581495992974,0.0063174707518505995,-0.0018496237566592022,-0.016608190389175798,0.006825532422821998,0.0036879531863006016,0.0055813168904868,-0.007497349802038901,-0.0011413234697861974,0.008171676011758099,-0.0017575708564091987,0.006571910377201201,0.006290987276025001,0.0003464036323995983,0.0014497658751535998,0.0046926170903319,0.0007658224760260998,0.004314336430120601,0.0020332097820979994,0.007809150314164501,-0.0005395926206737,-0.0077565338273063,0.030361285555621603,-0.02384662160032165,0.013970200029822799,-0.018578637,0.0,-0.011539726999999996,0.034299303,-0.008183803999999998,0.027045237000000007,-0.009888529,-0.04185273795176779,-0.039563688143490316,0.0,-0.058248211526375895
2019-08-19,-0.0099591274241323,-0.009958192320988601,-0.0037505689685046993,-0.0055917321204405,-0.0092054670641356,-0.0138686633880164,-0.014635251412559058,-0.0009626464768129868,-0.0037349464483851,-0.0114487154877503,-0.003466623893875101,-0.0101250280236462,-0.0099813663683479,-0.0043573803648748015,-0.0008696072822030002,0.0,-0.0008752735788549998,-0.004049657792552999,-0.0021462871836994994,-0.0075716112180716,-2.0000819576926343e-16,-0.0006290734163014994,0.004562244820312499,-0.0028865592086065005,-0.015605199795243902,-0.015907550000000003,0.0,-0.020333187000000003,0.017888726000000008,-0.021974499999999998,-0.018869407000000005,-0.053135128000000004,-0.05123842899598889,-0.072285478501655,0.0,-0.0452694074931597
2019-08-26,0.0218699431652298,0.021868318690361103,0.017848305607469,0.010026866333880098,0.0237156108429114,0.0122233182869553,0.012427256026407301,0.0105847748438341,0.0162478380504227,0.0232856278845602,0.0157007318905565,0.0220784678591911,0.0218162714638315,0.0145184255614136,-0.0002900372234768001,0.0,0.0007659062686352,0.0019388390668616997,0.0010172365952051002,0.003319636308088827,-0.0001349436612262,-0.0042316485880464,0.009300817587642,-0.0101968426235669,0.009642836164902297,0.035579109,0.0,0.032961524,0.030734301,0.031528437,0.029658472,0.050647615,-0.0023226052186056043,-0.057640194520828705,0.0,-0.037503948473448505
2019-09-02,0.0122029170857944,0.012205041719882,0.0238653679263376,0.048761845481743095,0.014284789312,0.0011793039795672004,-0.0033556397268213007,0.0101460613825703,0.0266255372453622,0.0092429965251275,0.0250491399386663,0.012240109184931701,0.012070369524306599,0.021463401773603195,-0.0027110783452624996,0.0,-0.0029574477988515,-0.0071570882050901,-0.0047559822407153,-0.013985130596280699,-0.0013504390978714,0.009879113515972801,-0.0095237424804758,0.0183684190934525,0.02452584399752135,0.024723693999999997,0.0,0.008954457999999998,0.064385512,0.013175834,0.021422578999999994,0.038959058,-0.0011398106884709987,0.0155894043285132,0.0,-0.00483547253780091
2019-09-09,-0.013706811810252274,-0.013705835010626288,-0.0072179667568404,0.0192167476249866,-0.016969441060225902,0.0035032141251310003,0.0019530893951209484,0.0058706803515712995,-0.0044480364421049,-0.0161012150150798,-0.003463609179661601,-0.0140673415693812,-0.013584965349133452,-0.0019153690580461001,-0.004469932619872932,-0.023779385468097,-0.0048383643980414,-0.0108774253656546,-0.0063767011793845,-0.014914218967068498,-0.0032485139558314996,-0.0125779039474828,-0.0272932090337555,-0.006304787736837,0.006535741315443501,0.065476069,0.0,-0.012879123000000003,0.018248445000000002,0.027561121,0.025417465999999996,-0.020362475,-0.005645392021726201,0.0844555905580367,0.0,0.005338511981999401
2019-09-16,0.0046549782863401995,0.0046530148971804,-0.0018529544046845996,-0.027063982640039407,0.00031878135862090096,0.027022840232458895,0.0322508901445094,-0.003709703149084217,-0.0046914174070538,0.006809902975830998,-0.004596814759156799,0.0048102905909383,0.004831660973217299,-0.0024926915322035694,0.0006814973734041901,0.0,0.0006611570488777001,0.0053643400876756,0.0011416829645161,0.0102623016912495,-0.0013566682314192003,0.0011215906044087,0.020989721255163102,-0.0073831547652835,-0.0020635293661991705,-0.01112378,0.0,0.015320396,-0.052178881999999996,-0.008251460999999998,-0.004673780000000001,0.0035711669999999992,-0.0547439071870882,0.024100012079311194,0.0,0.029167265405821777
2019-09-23,0.0085312519481794,0.0085315003828231,0.00736348133822,-0.0012077217235391992,0.0057374346496295026,0.022361979162513302,0.024492076466083902,0.0110681640669439,0.007917834487462298,0.008602090883147699,0.0082258175967055,0.00848446925951,0.0086138331531838,0.0076005055476243005,-0.0006814973734042495,0.0,-0.0008816399072281999,-0.0031257002452183998,-0.0029710912039757997,-0.007018704945407001,-0.0014944639694724,0.0030586301934977995,0.0045770714244856,0.0023899358145262,-0.005039786021980199,-0.009973889,0.0,-0.012339197,-0.005399973000000002,-0.0031680250000000014,0.004993764999999999,-0.0016055009999999996,-0.15962797832960593,-0.1156314733611597,0.0,-0.04858885052643287
2019-09-30,-0.0129924261665129,-0.012993153197400601,-0.007368153067484097,-0.0193292971867552,-0.014165191858546604,-0.007258771177593604,-0.006188359356091903,-0.011685829312029097,-0.006871495120469197,-0.014294609827578601,-0.007342066759122001,-0.0130174409348181,-0.0129420460821417,-0.0054968877192246995,0.0005841690361820072,0.0,0.0009917902625747998,0.0016980208736033999,0.0012580775948831,0.0021027100347495,-9.999054535747565e-17,0.025921015819816602,0.010790945940650401,0.0324086493037629,-0.0128308099662913,-0.026686596,0.0,0.0028276180000000005,0.057743708000000005,-0.012302636999999998,0.036744542,-0.02659419300000001,-0.0058339093728059024,0.007279360415119007,0.0,0.07434376376031271
2019-10-07,0.0035241533315797996,0.0035253192788756993,0.010084322185743599,0.0087987491020722,0.0044791199301757985,-0.0011428476280479,-0.0020231329174895995,0.004071146495409,0.0113244593277387,0.0018759926197013006,0.0106195649296857,0.0035140388944154017,0.0034645676344236013,0.010124827393186655,-0.0028266503542127663,0.0015273588676719,-0.0027574053758531,-0.0081589191560033,-0.0051567180105404,-0.011946990811943715,-0.0014967007352114999,-0.0071824547502521,0.0042816679186335,-0.012086539876454699,0.009266883590695099,0.013174017,0.0,0.011231205,0.021851092,0.0039148349999999985,0.039727221,-0.0006113580000000028,0.015531131868605497,0.031373570839483604,0.0,0.0728669535178322
2019-10-14,-0.0029139986670100003,-0.0029140380018496,-0.002342924493807001,0.018370438308505502,-0.0047146360296018,0.005867632267502901,0.004747383939841,0.0058657526145202005,-0.0015192636302326003,-0.0034069602721345993,-0.000801514538241301,-0.0030779345816146,-0.0028335249094440006,0.0053185045878612,-0.0020518840556837665,0.0,-0.0022114117813544,-0.006593529735853301,-0.004952500764679,-0.012422519998557001,-0.0023174981403621,0.0028634522045655007,0.0016312556763255998,0.0033974751175570007,0.013584968008832098,0.037351185999999995,0.0,-0.016384856,0.023906791,0.023333269999999996,0.0008463279999999995,0.012397629999999998,-0.015761801323998105,-0.066565165776314,0.0,-0.012022811254470498
2019-10-21,0.021447476479485098,0.021447650235914,0.0128026621302854,0.0202553221274312,0.0221094566957922,0.0182267044030619,0.018043463027829797,0.0084014789147028,0.0138407466649402,0.023340257793404658,0.013307691090578798,0.0216917238552055,0.021398572896081103,0.0081640227147387,-0.0013702654586046417,0.0,-0.0009967330134678,-0.001450984203059873,-0.0018490702136538,-0.0028185378851395995,-0.0008192245133211999,-0.015515895859323798,-0.003909048767707401,-0.02054918982848176,0.010816924133517699,0.044372428,0.0,0.023873946,0.071163795,0.015857071,0.042118881999999996,0.035946918,0.11583618489592207,0.043307553986666095,0.0,0.010280704173328211
2019-10-28,0.0097766468353271,0.0097743860453147,0.012636304488786899,0.0260916363786095,0.00881331272140019,0.0144574065113048,0.013398042888523622,0.0103463491559596,0.012247110997281199,0.0092452326325512,0.0120599906063561,0.0097651904223801,0.0097713887027052,0.0143099279533111,1.8892222855559915e-16,0.0,0.00011079718586489996,0.0009071118183701279,-0.0018524956090831,-0.0017448386297042998,-0.0015036569028181,0.026702221625268,0.0123753107510089,0.0328768597381312,0.012701043126001201,0.013946598999999999,0.0,0.021023838,-0.009579304,0.006268348000000001,0.03678761800000001,0.025824527,0.016762457002575,0.020012554123619263,0.0,0.0131914254645891
2019-11-04,-0.0008225872476489998,-0.0008223187432050001,0.0068099015370188,-0.015712295147071,-0.0004962407893599998,-0.0024070824389908984,-0.001196741307941301,-0.007248772686967765,0.008642676454913671,-0.0026751969916973,0.007092834407082199,-0.0007017524449322002,-0.0008078084807053998,0.0060007677670428,-0.0004898359147661145,0.0641050745949062,-0.00099761688704,-0.0037243990909825,-0.0029014121206868996,-0.009357575174601,-0.0004104809526063,-0.0184919427580001,-0.0017265663123145,-0.0257309018236305,0.0028352340379494,0.019986735999999998,0.0,0.01546569,0.025295615999999996,0.028476471,0.016745906,0.028491065000000003,-0.072107054886416,-0.004655416331467998,0.0,-0.08649107745816338
2019-11-11,0.0035319343040714,0.0035343975991698998,0.0022417864762057003,-0.0058989206191213,0.0032192086765704454,0.0050452961479463,0.0060269874746514,-0.0012007766820682996,0.0017082442967752004,0.004026077686238003,0.0014267489436497994,0.003620564993813923,0.0035456094935464,-0.0008356531621023992,0.001273074646798,0.0,0.0018835527146426,0.006169498792286601,0.0037123012470771,0.0111854254674915,0.0004104809526063,0.0191631819401995,0.0162804291722968,0.0204043522520262,0.0112804463661576,-0.006540796,0.0,0.027102621,-0.017428875,0.018573649999999997,0.021373668000000002,0.0029754979999999983,-0.052569740981719904,-0.026938120002607,0.0,-0.07326025107018219
2019-11-18,0.0106181434321399,0.0106163286300176,0.011333445737681198,0.026001889653691303,0.0089260885437577,0.0187773144043289,0.0181306889836855,0.011274542317871901,0.011421855666054699,0.0104334704171795,0.0114078221068538,0.0106057540117322,0.010674701206456,0.0132873692959796,0.0011737090549286,0.0,0.0005533115838614,0.0030705343369613,0.0008102321179404002,0.0054635897499493,1.0001765041178778e-16,-0.0106156892523435,-0.006329188845413901,-0.012464287331463202,0.0037118368871611007,0.009680422999999999,0.0,-0.002537089,0.032285718000000005,-0.030353919,-0.015089220999999998,-0.027669568,-0.1508021850915239,-0.20919569455570333,0.0,-0.156480552551613
2019-11-25,-0.0098943839781785,-0.0098932773221306,-0.002034557133061601,-0.0160534534013229,-0.010657313006562301,-0.006240004514677801,-0.005362769497873801,-0.0021444893499311985,-0.004502817265356699,-0.0112175492047391,-0.0042749935843784,-0.010039150743120602,-0.0098511887503106,-0.004099073116123,0.0002932121410832147,0.0,-0.00011063782718569995,-0.0012631960535600998,-0.0006944444723525997,-0.0008259002781981005,-0.0008211304690195,0.01571452876834434,-0.0010179912330958007,0.0228722672397265,-0.006328942567971999,0.007389116999999999,0.0,0.011895073999999999,0.027361826,0.008022277000000001,0.020680094,0.009906143999999999,0.024310393635689608,0.017477975390293905,0.0,0.004377775895981411
2019-12-02,0.0091761686371243,0.009177346641366498,0.010858315598481102,0.007172965322417801,0.0110328051147772,0.000261223272747,-0.0003553198832484993,0.0013750868723879004,0.010161321497499098,0.009143710854943102,0.0093133324767878,0.0093222917888334,0.009158110194850902,0.0109381030374671,9.771827828200004e-05,0.0,-0.00011065006926899997,0.0004513246454731,-0.000926676771978,0.0018160810670802,-0.0008218052784114999,0.022149010918373138,0.016567825290972102,0.0244952867357662,0.007069021713656599,0.024588930999999998,0.0,0.0024411649999999986,-0.021310655999999994,0.026708808,0.012863557000000003,-0.017457554,0.010719636323371098,-0.005610696747159898,0.0,0.0263883631846105
2019-12-09,0.009446691558581301,0.009444735753608999,0.0115034587164349,0.0059576979504592995,0.0108085037871475,0.0028463718021109006,0.002566722632341799,0.004803233961095,0.011984420567551298,0.0090088495358316,0.0112959597418515,0.0095341561967185,0.0093808392475981,0.0105073684401522,-0.0006842285590242417,0.0076599619444112,-0.0005534340724579,-0.0020777820384472,-0.0013916272685409,-0.0033871732991212996,-0.0008224811978389999,-0.0161722097942935,-0.006135763468273699,-0.020408605511179498,0.01754001167203402,0.013022108000000003,0.0,0.018153816000000003,0.054213586,0.005569114,0.016268267,0.008625573,-0.0653838576215662,-0.1037772578431063,0.0,-0.0843024843813445
2019-12-16,0.0166244770283061,0.0166238914329308,0.009955958621124994,-0.025875142450873904,0.014222071894654,0.028232221816345,0.032956729849721346,0.009694274115677349,0.0090803371218158,0.0183875354025032,0.0091395387187494,0.0167534645883037,0.0166818490084977,0.0112614612343779,-0.0012719535984235823,0.0,-0.0013294927728280997,-0.004259374784287072,-0.0018585206882872002,-0.0050607815316530995,-0.0008231582300445,0.019544196312011,0.0302053321392926,0.014952229928266402,0.0101505673997364,0.0031381670000000007,0.0,0.018465647,0.06640903,0.0032244919999999994,0.015471241000000004,-0.0032258550000000006,0.05924810100115441,-0.038138908768660704,0.0,-0.08183240965062741
2019-12-23,-0.0092995652934638,-0.009300037821537101,-0.003141003399921,0.00029413872809699957,-0.0103432035722531,-0.004303902190171101,-0.0046963557945679,0.0023213055730255004,-0.0044958652944468,-0.0105955007212259,-0.0038422053919165,-0.0095174406910516,-0.0092587419914969,-0.0026921288794517,-0.0005876016230181,0.0,-0.0006654098060756,-0.002455104665784,-0.0022114890000096,-0.0045015081015386,-0.0006864831737979,-0.0087124662079735,0.0026299005211117,-0.0136515896930973,-0.0008440259294284986,0.013749359,0.0,0.00979875,-0.010499004999999999,0.002527922000000001,0.036403373,0.00039667800000000013,-0.008551461691441798,0.0307732398815925,0.0,0.018326007612503005
2019-12-30,0.0048334800285759,0.004836065561002199,0.002014819068105,-0.0065594925312441,0.0047291176931589,0.0053342431072218,0.0063447874687792005,-0.0006666283885828003,0.001350774563284,0.0057081258675768,0.0011567724984233997,0.004937353748385099,0.0048439616501446,0.0021583698883277007,0.0014683571724428998,0.0,0.0013303771363529,0.0061717385954999995,0.0034895929327838,0.0101414003008761,0.0001373343406675,0.027277966449303102,0.016509828083309402,0.0319729798500138,0.007727824937425701,-0.005766219000000003,0.0,-0.0021412680000000017,-0.003383045000000001,0.005065897999999999,0.025987886999999998,0.013395849999999997,0.06325534043876538,0.0843336488634738,0.0,0.130168349789747
2020-01-06,-0.00326120161382888,-0.0032605078767715574,0.0086032626741815,0.0174125211418078,-0.0062925546948346,0.0111257736231076,0.010571592484898999,0.0168154555833547,0.0066478594970212,-0.0058621440633288,0.007628861070571566,-0.003642230890456705,-0.0031264757963418,0.0079107311175387,-0.0014683571724428512,0.079683013746963,-0.0009976168870395,-0.004443444173394122,-0.0027906994855819,-0.0078881133053469,-0.0008242890973654,0.0062788618251748,0.0100844238062112,0.004627307286931701,0.0128092887406926,-0.016544883999999996,0.0,0.017002542000000002,0.034350469,0.048345214000000004,0.04245733300000001,-0.0010069250000000005,0.0471356946764252,-0.0005376383852752978,0.0,-0.040974727675682505
2020-01-13,0.0212896048613822,0.0212887477764282,0.01775448384360105,0.001112854468191999,0.0204011082562632,0.025464593378835502,0.0274191224475491,0.019580967741756203,0.015365847117603498,0.0226109817783916,0.015775270677572298,0.0213230154650176,0.0213332228429865,0.0172192996313147,0.0017617700553732376,0.0,0.0014406829111241,0.0052574450323412,0.0020937543998730997,0.0076399640836755,-0.0001374475983196,-0.0007399962982098997,0.022590761193071303,-0.0110596444336633,0.009883692304351101,0.015532378,0.0,0.035078557999999996,0.020097888,0.034770804,0.026708178,0.025145715,0.061137163359307106,0.14732955260438743,0.0,0.0928168715348224
2020-01-20,-0.014848120316951301,-0.014848191423981501,-0.019613178789930602,-0.049556963866159,-0.0119201763648564,-0.0286762252406439,-0.027040370239119003,-0.013463023712470658,-0.016983271801618897,-0.0144212071485856,-0.0166399433644043,-0.0148755318807519,-0.014942584743678102,-0.0180255713530519,0.0017586716794710086,0.0,0.0019913713849251,0.0098062051609917,0.0035956658817402998,0.015432911787051001,-0.0001374664927589,0.010084394818969703,0.0017829196915431032,0.013795430195445203,-0.0235096334014794,-0.037225623,0.0,-0.012404645,0.004802299000000001,-0.009064098999999999,-0.0013186490000000003,-0.033858219,0.028711439418060203,0.022544160350116506,0.0,-0.008931529349525796
2020-01-27,-0.0018942585823041019,-0.0018959266578780997,-0.005803128201687798,-0.018806653697764703,-0.005569595183663699,0.0154228535983981,0.018025376114414002,-0.0024278557979882003,-0.008648738355703503,-0.0004348495834429994,-0.008039377574236598,-0.0018839960656670002,-0.0017518539855852023,-0.0068643602899113,-0.00048820974459905275,0.0,-0.0002210677581678999,-0.0015230930687095002,-0.0015062861315075,-0.0022018357519415005,-0.0004125128968774,0.0112009644979251,0.017320672641213702,0.008468799119587155,0.0016295603947966003,-0.005950777000000001,0.0,0.030962613999999996,-0.057726914000000004,-0.023036971999999996,-0.028035310999999993,-0.022321485000000002,0.0421635532834268,0.1050543010647222,0.0,0.0964221505732722
2020-02-03,0.0316500777490926,0.0316501371674867,0.0248757856896713,0.0487203635659591,0.029464088999813905,0.0417796590524825,0.0412594468051644,0.0108394456534071,0.0259109441848584,0.0333471355492962,0.024440716369056797,0.032044467143357194,0.0316926091830993,0.019469458006738202,-0.0006838943161381001,-0.0307942295903077,-0.0006634966515661998,-0.0012560561493470002,-0.0010441441867483003,-0.0022885175496849004,-0.0006878998689094,0.0090585717314487,0.013356517028326801,0.007123338335152201,0.0312613984784937,0.035695527,0.0,0.07718730700000001,0.062148615,0.031823916,0.033424313,0.011822220999999997,0.058824947399027494,0.163199346932869,0.0,0.0736214420714551
2020-02-10,0.009380066177234,0.0093824515480213,0.011462010706768763,-0.0166605798974458,0.0099100957065499,0.006936870258191999,0.0086895478107785,0.019109323316713302,0.0092393466031866,0.0091882246807221,0.0101995229025445,0.0091969984858449,0.0094231677322652,0.0160508315687417,0.0005862237588500473,0.0,0.0003318033542581,0.0006282252842922001,-0.00011608334797410001,-0.0005729486549205001,-0.0001376367767639,0.010228831854682999,0.0161348858568853,0.0075525986611220935,0.005414762172954399,0.002112,0.0,0.007908215,0.14135578699999998,0.026433943999999997,0.015256619999999999,0.031062054,-0.017033303828925702,0.1753487425608544,0.0,0.0445674681574381
2020-02-17,-0.040233793321282,-0.0402357062329344,-0.0460048801533766,-0.0645441808570341,-0.0425767377242788,-0.029480682825831796,-0.026958154255915495,-0.0337448037363271,-0.0486379309826323,-0.0386131183745594,-0.047172409738732005,-0.04035662002110581,-0.0401840393136581,-0.0391662915240614,0.0018541112898822778,0.0,0.001436543702484,0.0058147500241117,0.0019715866056013998,0.0073415779623453,0.0002752546122525,0.0090048427775044,0.0017674827359401004,0.012283235229890298,-0.0437899129068047,-0.012076181,0.0,-0.037153309,0.01466131099999999,-0.023497316,-0.037308476,-0.005156755000000001,-0.004133113952370003,-0.004315553912900498,0.0,-0.0572485258851748
2020-02-24,-0.07048487544847501,-0.070484420349211,-0.06403971500882961,-0.0728852444207739,-0.07250327506397071,-0.0613320338403541,-0.060520945576528,-0.0473977648001239,-0.0660039582634891,-0.07196449520365861,-0.06414621119620201,-0.0709295998482523,-0.07038979855875571,-0.0584301506711833,0.0013639908583932344,0.0,9.996344030316351e-17,0.0016042784189452999,0.00057913941504,0.0064001514696731,0.00013759889942590003,-0.04783462671358409,-0.04341463102033571,-0.0498340133778167,-0.04296335937098099,-0.15671880900000001,0.0,-0.09743462300000001,-0.08513664699999998,-0.10226737100000001,-0.135573334,-0.103644835,-0.08433840326776448,-0.1399926041323745,0.0,-0.12533503304125077
2020-03-02,-0.06852587485538691,-0.0685268955380636,-0.0804642910114511,-0.13076808260256578,-0.0713783383321556,-0.055842265809923804,-0.05082048636718099,-0.0734469580532672,-0.0820216073178259,-0.06556962750658879,-0.0811547332928591,-0.0684294326425403,-0.0685107272763015,-0.07887011391076901,-0.0019491283824028,0.0,-0.0097648356909681,-0.0096645047536968,0.0046210803120669,0.009324076875123299,0.0020617147018533,-0.00011132705412869939,-0.020642899036214895,0.009059222413137797,-0.1178963022488468,-0.07166631400000001,0.0,-0.0027195020000000056,-0.015034511,-0.03302777800000001,0.05574093900000002,0.011404176000000005,-0.1127863368898634,-0.13235355013119302,0.0,-0.1322061589718459
2020-03-09,-0.1147070421381369,-0.11470401388455581,-0.1591389419603719,-0.23341553751563549,-0.1337201144025565,-0.03516213561883788,-0.02284775564576089,-0.1437043043839787,-0.1565074107888506,-0.1054946383846587,-0.155196259012413,-0.11415259743233751,-0.1141118972548897,-0.1453746318347314,-0.0084248147209544,0.0390461538941024,-0.0152811962351194,-0.0354189390820675,-0.01697123146104,-0.0464247744555825,-0.0033007869330744003,-0.15732139511894788,-0.14667488925932232,-0.1620283550971158,-0.14067641286334448,-0.039346535000000016,0.0,-0.017104068,-0.09951390800000001,-0.06493891700000001,-0.039017293999999994,-0.09335509900000002,-0.4575215672263098,-0.6022267914189636,0.0,-0.39399194885632455
2020-03-16,-0.003917981250334705,-0.0039188286656114055,-0.0193534900795629,0.04866782431674722,-0.001912247803035498,-0.011672302091604199,-0.015375291161245808,-0.0085227949667453,-0.0201209158572714,-0.0006352364300133001,-0.018915091163151404,-0.003837757114905499,-0.0041023342679316,-0.016374699034438597,-0.006811141281452399,0.0,-0.0145987994211525,-0.0162483029902993,-0.001642614472354799,-0.007993647680745302,-0.0022065930895143002,-0.012847544984964997,-0.09493572264865469,0.021684096718562605,-0.06435832925368029,-0.218678546,0.0,-0.14530200399999998,-0.157470957,-0.128158739,-0.19274368800000002,-0.28374100999999996,0.24651420513475278,0.19864662201831731,0.0,0.10970214423016139
2020-03-23,0.1107775900568923,0.1107780829365259,0.10518641445484439,0.05431678553123381,0.11429212291067381,0.0960962482471848,0.0987355834447228,0.06137417729941351,0.10796908548042508,0.1124349824264485,0.10322989168012431,0.11169790805392452,0.1108247226783389,0.09895888472404149,-0.001288468387779218,0.0,0.0054995555660382,-0.00331958383275,-0.0009398496932422997,0.0024469488646949008,-0.003457578992592,0.061822846579862104,0.07626139948784401,0.0560001801337964,0.16039479257318917,0.08744039499999999,0.0,0.086100815,0.20565986900000002,0.03860987300000001,0.07761031900000001,0.15430307899999998,0.0021060277130575122,-0.014988726222809591,0.0,0.089577552312745
2020-03-30,0.0338138020412807,0.0338134909740474,0.008045527921166102,0.008431390571452008,0.0300849170254551,0.0493401923794112,0.05181335553392769,0.028428923775505,0.0044925338779522005,0.039598577735757,0.006904066039396101,0.0339124030002524,0.0339872710223402,0.009913749407831001,-0.0009922604505339999,0.0,0.00022849308907830015,-0.00019002375354089992,-0.0044763886740275,-0.008123246564266,-0.0016638938946951,-0.0031768344067905994,-0.044002025349359694,0.013003226423526398,0.0139993553391407,-0.08087512999999999,0.0,0.027214839,-0.035522387999999995,-0.015942561000000004,-0.02588307599999999,-0.029532194,0.12305130658465971,0.24107133087182447,0.0,0.12710385218688758
2020-04-06,0.0123651148915999,0.0123619840708014,0.0568661424536298,0.07030144055668751,0.021017839582419602,-0.0238986016682919,-0.02975917571130991,0.0389571634687368,0.055088044072164596,0.0034384891782689997,0.0534613593100312,0.011876909955568,0.012089011884210799,0.0505362541645319,0.0011905944456308,-0.0170142337537693,0.0078512094712639,0.0081385894478453,0.0020050723235768,0.0039006239568932996,0.00013876361640240007,-0.007231340027779401,0.042225914192255,-0.0269518996101615,0.0361124597726147,0.200984296,0.0,0.070945464,0.075164625,0.099129947,0.104452886,0.118122956,-0.0604772959935792,-0.0790560577582329,0.0013031641165827945,-0.0405748314832976
2020-04-13,0.0288304473348013,0.0288318408799237,0.009363896671256899,-0.013642484183219705,0.0232582064664076,0.0523428363958621,0.0564988174454904,0.011124576800987399,0.013383457525034698,0.0322771333187348,0.013155693651339902,0.0291566284802533,0.029017886724570598,0.0118313368649344,0.0026736659983266,0.0,0.0019249284095841,0.006013925285861,0.0031762864184204,0.008091750152629102,0.0002774694801377,0.012133155228780699,-0.0094551245844212,0.020908426420129297,0.022035739843276506,-0.076626356,0.0,0.078355109,0.105885175,0.058296930999999996,0.053790255999999995,-0.03627717099999999,0.005379339220873705,0.09757426161324982,-0.367143046035505,-0.0228559365347869
2020-04-20,0.0042162253764057005,0.004216339119972599,-0.0008191701288147012,-0.004259243210685298,-0.0038637435726823037,0.0371291796448968,0.0395880761814434,0.0123551474707,-0.0015751448389557006,0.005172755206533902,-0.00017124958950959918,0.004067533864200898,0.0044829284986644,0.0015309258686655985,-0.00039564787855397035,0.0,0.0014695079793603,0.0035537304771184,-0.0007049700679699998,-8.39524829443002e-05,-0.0009714801957580001,0.023247820277978698,-0.0008160498619890003,0.0327189078783457,0.019405552087447597,-0.048102241,0.0,-0.022937451999999997,-0.009383003999999997,-0.0018782129999999932,0.000600993000000008,-0.020450630999999997,0.1246562738997539,0.1351231487763444,0.0604219889226837,0.075996317936024
2020-04-27,-0.0369787566230508,-0.036979302244596196,-0.019789996461786696,0.015403693993756802,-0.038192332898705196,-0.0321448305079921,-0.0350535989461703,-0.0069103067060478016,-0.020969501217593202,-0.0408076179942464,-0.019523649199144403,-0.0375435054316929,-0.0368597775362411,-0.023017248708476597,0.00108765522167502,0.0,0.0004517221985338,0.0061424111224333,0.0008224167766605998,0.0055258010666059,-0.0011114199532512,-0.0254031911032903,-0.0235868682959473,-0.0261074855700237,-0.012494001250371197,0.027616463999999997,0.0,0.00011459699999999753,-0.023796905,0.031398999999999996,0.021328016000000005,0.012684820999999999,0.13391255349709902,0.054030525453353004,0.15373661626613241,0.1007474883241149
2020-05-04,0.0367825654626957,0.0367838772674147,0.0399895460457796,0.0445842319372568,0.0402135120216804,0.02318401068831378,0.0219083514950611,0.0164569587072854,0.0393098798881953,0.03674238782237169,0.0369677155503684,0.0371682498153994,0.036698706959022095,0.029137855867785396,0.0008890206541974534,0.0579581341372892,0.0006772009288146999,0.0003710575181719891,-0.0011750882668263999,0.0002504487219336711,-0.0006952652716977,0.004396824825516399,0.018032627893401695,-0.0009449395914517995,0.030343256286524102,-0.005915618999999997,0.0,0.056298713,0.099935259,0.049624210999999994,0.070322676,-0.0024802750000000005,-0.035501090425751905,-0.11309637522184461,-0.25882912241878786,-0.1207170381653202
2020-05-11,0.003942092527493297,0.003942682724952396,-0.0008796415168264016,-0.0006343229522450047,0.0006367913235247012,0.017061117824181102,0.0181705794843206,0.0009759725847905999,0.001099186819102503,0.004576268613086701,0.001082788099607504,0.003998229804357503,0.003973280163623097,-0.0026280539462880947,-0.00019749185410267977,0.0,0.0011276500969398,0.0028710369339230994,0.00011757098361679999,-8.347593810920464e-05,-0.00041739131040729994,-0.010399969247556106,-0.017865468319912297,-0.0074596921062279435,0.0080180843993706,-0.07618458800000001,0.0,-0.008264450000000003,0.083252332,-0.008181709,-0.007833823,-0.08773540299999999,0.12289076895009347,0.1431485934080485,0.23637546208544807,0.05568288168641561
2020-05-18,0.009463939316235499,0.0094610425167234,0.03289884906611169,0.0148549953470473,0.012892552914451998,-0.0041242104937958,-0.0052388670655805,0.023334998519870302,0.0344121923610101,0.0041221823565323985,0.0332929388915052,0.0092011461602645,0.0094134831930937,0.026621265618322898,-0.00029631093110279473,0.0,0.00033804721714679996,-0.00018497965276570005,-0.0009409551388217,-0.0036798569584004376,-0.0004175655986624,0.008855970748624199,0.011905473098792498,0.0076618640897047,0.0127354690178136,0.040719532,0.0,0.0019090260000000007,0.061159618,0.028843157,0.035688511,0.104179608,-0.0880316511398679,-0.0438580184389457,-0.08271447499887948,-0.0390070624643486
2020-05-25,0.009418910485773601,0.0094211452046066,0.0318416833517494,0.0730179562412447,0.0189855208593059,-0.029741927067540894,-0.0361700764142389,0.0205732418462271,0.0338036192052487,0.004104415167087699,0.0324821708448958,0.009207800267546397,0.0091625045701186,0.034885194903323105,-0.0004940467468702298,0.0,0.001125999443369,-0.0014810703438634999,-0.0034184037531578004,-0.007485001936019884,-0.0019509482219292,0.0206632222638201,0.04055972503380589,0.012746840705817102,0.021153331116073797,0.08399835399999998,0.0,-0.001417794,-0.01684232599999999,0.014248015999999999,-0.0029835669999999995,0.046810728,0.1323433906135731,0.18478645639536478,-0.039657370917627194,0.063430479698795
2020-06-01,0.0132508273155372,0.0132516444320179,0.010909986569893199,0.0574738199829698,0.0192454960381858,-0.012298111379141902,-0.017081615888603303,0.005173537511596602,0.0100074629568471,0.014118485349963203,0.009528892606259502,0.0134042331465076,0.012947657254851,0.004345503755779498,0.00069159712285842,0.1313470063185893,0.0029216786712115,-0.0016688303520760001,-0.0024827109755562,-0.0084775007544457,-0.000837287238421,-0.0103466578438512,-0.0161857225621871,-0.0079993710810274,0.0562032850800714,0.133698419,0.0,0.021326208,0.005001275999999999,0.004523988999999999,0.041765111,0.10112109800000002,-0.0397046412761248,-0.002764483443148001,0.146056669212111,-0.03129586106855451
2020-06-08,-0.0278112257255163,-0.0278106360138544,-0.042478165483814306,-0.06330037310192971,-0.031917455172879604,-0.010227260724022101,-0.006556233998609999,-0.0050897788081658,-0.0492960805101252,-0.023890069071084596,-0.04484264338841829,-0.0282484093688181,-0.0276124604804869,-0.040233012534994506,0.00039498371205740003,0.0,0.0007851494991420999,0.0038896140907415003,0.0033089134421470006,0.009152606265318924,-2.0003530082357557e-16,-0.016323088205861203,-0.0308427631785005,-0.010572159584851002,-0.05265560662146491,-0.10773078599999998,0.0,0.002880506000000003,0.0014003639999999977,-0.018998447,0.021782119,-0.11035115899999999,-0.0333798862111213,-0.06882035499283261,-0.1579997015465166,-0.0539259755680633
2020-06-15,0.031740384864675196,0.0317377434717955,0.0276713115570609,0.0016294328213804013,0.0316880214995469,0.031942047726143,0.0339196408706079,0.0232839094100818,0.025939690342857598,0.033131804084414004,0.0256665085409455,0.031914754908879704,0.0317531233308742,0.0221785903204046,1.11483088385822e-16,0.0,-1.0003120293894385e-16,0.00018484288407549993,-0.0014167652901087,-0.0018576379571478997,-0.0006982752884801,0.002261963181930301,0.015096374344304598,-0.002850713783009301,0.016580673975850602,-0.020842569000000002,0.0,0.038710407999999995,0.036142783000000005,0.008260635999999998,0.031722907,0.005933507000000001,0.020735993279444503,0.053368441247124,0.2419601497710537,-0.019885475598727297
2020-06-22,-0.009322761722022,-0.0093204277627643,-0.0005691783162535,-0.0161307494141546,-0.006445608240244198,-0.0218508488455027,-0.0221648306487749,-0.010092523570793998,-0.00039635566912929986,-0.011122066192145898,-0.0013296790904147992,-0.009308698360020897,-0.009419467382874198,0.0018052888257598003,0.00019743336688000007,0.0,-0.0011218309455634,-0.0011095701554455794,0.0005905628235181,0.0010136848308462002,-0.00041919933541980004,-0.013213145757680199,-0.020256691823979,-0.010398323168003702,-0.020943547185092302,-0.054845700000000004,0.0,0.006028463999999997,-0.011538851,-0.044568588,0.011118345999999994,-0.050507864,-0.048616106626192195,-0.0609386373398717,0.1594023566473858,-0.061630359921334005
2020-06-29,0.0175564295176766,0.0175567233676878,0.023671557701054342,0.024077921443861103,0.02081321952195082,0.0031375795408326024,0.001970830639306198,0.010024674284182501,0.02483415107338905,0.0162242566318469,0.0234243319269931,0.0176910208947621,0.017474658578844997,0.0160917415343479,-9.871181094853052e-05,0.0,-0.00011225234338569993,-0.0007403979977286998,-0.0016544555889182,-0.0049938738512502,-0.0006990563024977,0.008551314845647598,0.0065468150070639,0.009345137183344997,0.040589820735825,0.0007558220000000006,0.0,0.049340558,0.048738095,0.075864162,0.029204795999999998,0.048097373000000006,0.0198883017956818,0.0567118697213991,-0.1858053744239972,0.057897099806063994
2020-07-06,0.006441904577553301,0.006442117480975,0.009602751473447298,0.0219121047666057,0.0043996344472664005,0.0155070159911067,0.0151457590322606,0.004145557389314301,0.0094298032083342,0.005875502280743598,0.0089311023293092,0.006482922123849901,0.006436817691781499,0.006114605315570162,0.0014796550171861116,-0.0518730033624541,0.0006733251292428,0.001757550981998333,0.0015363709220748,0.002288427493581999,0.0009785420505439,-0.0087086898575663,-0.0169999844143339,-0.005449031967831201,-0.007734918452480399,0.038219789,0.0,0.035295274,0.086358834,0.045924598999999997,0.052352875,-0.017880651999999997,-0.01416429249570712,-0.007921810871314697,0.5073338432781348,0.05171463904789801
2020-07-13,0.014559879408555701,0.0145591993905859,0.011989676150540002,0.009347246800542497,0.014201756730602602,0.0161384349293259,0.0165215729560854,0.010100423055551599,0.0126049036246308,0.015058484940178498,0.0123677367905838,0.014639014401547,0.014595155537365397,0.014439214644607498,0.0004927322100183071,0.0,0.0002243409992584,0.00027722589467382654,0.00011808466684290003,0.0011845335169618004,-0.00027948574804619996,0.0154987977418635,-0.004739160249397622,0.023290781857738502,0.030162765834691997,0.019442128,0.0,-0.051818062000000005,-0.026862381999999997,-0.014503548999999998,0.004239343,0.084434077,-0.008624907603201648,-0.014509391099610702,-0.29761000984158803,-0.0178338962947433
2020-07-20,-0.018093385398331396,-0.018093078578029803,-0.016189232755315697,-0.0015631556385194006,-0.0084887572742023,-0.06154494470101119,-0.06503133331971049,-0.0129683086006201,-0.0167551360569855,-0.018479412808805298,-0.0163956085278566,-0.018184371976002197,-0.0182792587099742,-0.015173155670856102,0.0012799686678329303,0.0,0.0005606324080239001,0.0038731143953834,0.0017695987629741997,0.006237902718845355,-0.0002795638821674,-0.012695876081609138,-0.0270845411187638,-0.007288503426576301,-0.0038297755263627985,0.0012216960000000013,0.0,-0.007818348999999995,-0.000686398999999999,-0.005712286,-0.039302739999999996,-0.036597109,0.18175722606992,0.30856075275134237,0.7115637880993484,0.1368452826734238
2020-07-27,-0.004267814169574502,-0.004268316063296397,-0.004784078152177001,-0.0226096099668176,-0.0070198462412005,0.008419415655745797,0.010250677071744204,-0.0024997468655019,-0.0075450854280281025,-0.003630705978738699,-0.007065851306845301,-0.004299496826550099,-0.0041279342673715,-0.007932237172688199,0.0005902026533711824,0.0,0.0005603182754317,0.0008280050153358,0.0002357100776968999,0.0012597104332216997,-0.0004194924203302,0.0172389294992148,0.00034856986162139746,0.0234533059797252,0.0168965853391614,-0.016827814,0.0,0.018262387,0.040396215,-0.013524196000000002,0.137437846,-0.0004015930000000013,0.022978284688399495,0.1835604122244764,0.013389662114827915,0.3262000941983084
2020-08-03,-0.0116710210470155,-0.0116700851104494,0.0028781477030930995,0.014919316859455498,-0.008096517439328401,-0.0281896590331622,-0.0307503251565024,0.030708076386145398,0.0019609628156677,-0.015440306147765084,0.0047490045600621,-0.012452646211113602,-0.0116490546415106,0.0092782830632493,-0.00039342972869009995,-0.0159097032230273,0.0002240394318768,1.0001765041178778e-16,0.00035346097569759986,0.0008389262236995999,-0.00041966846807460007,0.0038158432431822,0.0133151554109104,0.00034122232564870003,0.0197930453490912,0.027958131,0.0,0.035789114,0.05362462700000001,0.006978569999999999,0.044654287999999986,0.037708133000000005,0.054653800146100495,0.024528480379029292,0.5523696198785206,-0.05056152156529871
2020-08-10,0.016097718315931202,0.0160964302356192,0.0272724079651828,0.0287209366768062,0.0178276052867362,0.0079869134944577,0.0067131039035721995,0.0224292986029441,0.0286847624389581,0.013302153053796895,0.028071589145862302,0.0159786529554254,0.0159944036736297,0.0271639859719651,-0.0008857832378777517,0.0,-0.0006722689328819002,-0.0042392469716743,-0.0031856554579548003,-0.008759426006164998,-0.001119977717518,0.0038045952269993,0.002661675123401799,0.0042236351952392006,0.006383448496673601,0.030033547,0.0,-0.016992206999999995,0.032027653999999996,0.004169116999999998,0.033584236,0.032787731,0.0311878896957878,0.08156424761546259,-0.010652895946023297,0.06601388741339562
2020-08-17,0.009197230839290998,0.0091975914555663,0.0077615138836682005,-0.009821764246918899,0.007234416905762901,0.0183925708909169,0.0201189987241128,0.0134584748402636,0.0075818264570563,0.0094402766009704,0.0081581330053457,0.009115619332330502,0.0091770499160247,0.008843721204217801,0.0008857832378779734,0.0,0.0005602554911518999,0.0033191990642854998,0.0011810560012296,0.0027033893291232,-0.000420315242615,0.0027570880046632,0.0298770183898254,-0.0074111313868866,0.014469075765142302,-0.050979884999999996,0.0,0.019530435999999998,0.09240511300000001,0.046070142,0.079133551,-0.017496821,-0.0399408962890286,-0.05107394242392611,0.07650963959005319,-0.0846610520971915
2020-08-24,-0.0136041788838563,-0.0136040970822773,0.00023920115626459987,-0.0058268214751978995,-0.0130089432088276,-0.0163790688055332,-0.0170184125276002,0.0165938111497673,-0.0024238545880129994,-0.0166974304322257,-0.0005392636070483993,-0.01418797457848,-0.0135694144030882,-0.0021840634588935004,-0.000984252047962034,0.0,-0.00044817927921039996,-0.0037810715033308006,-0.0024818307367599005,-0.007027078825177899,-0.0011217051091999,-0.0156468799337787,-0.020123276875551502,-0.0139528005291263,0.0199181665948404,0.054488934,0.0,0.071942853,0.03594866,0.039731434,0.0035115570000000002,0.066797902,-0.007996093382182592,0.0639087760855306,0.3574058635375183,-0.0260946387054899
2020-08-31,0.010516557035400798,0.0105149040483851,-0.0058157257852315,0.028888623673370507,0.0086202050310002,0.019334140411321896,0.018748889841840102,-0.010716423988304103,-0.0014823664999400014,0.013575294124783501,-0.002401708592970897,0.010928580846228803,0.010546030494980601,0.00043250567360839966,0.0011809862606756997,0.0059016910412766,0.001455848848885,0.0051608261259359,0.0017733645363864,0.003477379357524801,-0.0002806229848638,0.0201609603699686,0.020212896950508395,0.020142294983254698,-0.0493268320577678,0.007271350000000001,0.0,-0.066185374,-0.040769668,-0.036158194000000005,-0.03131267100000001,-0.010087547000000006,-0.11907327043891139,-0.2099866518165206,-0.4903684491593267,-0.1514203299790945
2020-09-07,0.0131504106334028,0.0131489230353097,0.004556015352009599,0.0352786362803673,0.010881837846709699,0.023580497373951504,0.0228552872748353,-0.005466849825491199,0.0080608897465328,0.0146523601124381,0.0067269714645186995,0.0135051038142149,0.013188357524151803,0.0037414324251840003,0.0004916662668493001,0.0,-0.00011191315550840003,0.0010106115059231998,-1.9981846038907847e-16,0.0006771054003934994,-0.0007019021836566,0.0008320099984989006,0.0098031570183566,-0.0025649772465398,0.0153977947540389,-0.023951455,0.0,-0.04887652,-0.03695907100000001,-0.042273401,-0.07696103200000001,-0.0014408660000000007,0.029576289581310797,0.0674154447965539,0.11002493609819172,0.0170034806462946
2020-09-14,-0.010712925578226302,-0.0107097061396355,-0.013635892446307796,0.0010087942844422965,-0.0178456999760103,0.021215576475675495,0.0224607088848209,0.000859041113604601,-0.0114771198372599,-0.010806848686343901,-0.0103538064236377,-0.0109207558641634,-0.010545542886209602,-0.006550844362120698,0.0006879269103294088,0.0,0.0006712911417897001,0.0019265177280926998,0.0015343762231341,0.0033786669525542,-0.0004213779119865,0.0030312653667063988,0.0004626182373099006,0.0040095346506898,-0.030755957778646502,-0.027280822,0.0,-0.018001575,0.002032581999999991,-0.043602033,-0.047166519999999997,0.013427026000000002,-0.020676781343388007,-0.0987731027765187,-0.16117168673151883,-0.0593286160945853
2020-09-21,0.0008932448373009001,0.0008926299897778003,0.010308203948670202,0.0353056880171599,0.006192634138819798,-0.0226234334018105,-0.026261282278495696,0.000347332610234799,0.0072347692840691,-0.00042890563673599925,0.006600749825567699,0.0009025566814983999,0.0007460624719339004,0.0009973708879113998,0.0006874539922099738,0.0,-0.0006712911417896,-0.0005500550193692001,-0.0012981650492472,-0.0005904432713391815,-0.0008432888763972,0.0016299061713316004,0.0113586399073811,-0.0020878442498522,0.021271302837647398,-0.050891984,0.0,0.036406891,0.05463594499999999,-0.008324792000000003,0.049663392,-0.043678720000000004,0.023370947578454006,0.0383817422128855,0.06071321047878829,0.0410380490744227
2020-09-28,0.0022420652882479,0.002239808930499499,0.0191036662364074,0.061577586552725105,0.0071821763965828,-0.020309294577711804,-0.025850202867835098,0.0108068263555365,0.019648916302061,-0.0016561923858354984,0.0188420462023553,0.0020903642322679,0.0021038987966647002,0.0151483320656844,-0.00029456527288429404,0.0,-0.00011192568146450003,5.421010862427522e-20,-0.0004724781566751,-0.0007596539719608999,-0.0007032843668453,0.008643147080512378,-0.008758022772804299,0.0152524845595939,0.0168726072806566,0.046203849,0.0,-0.00787427,0.014535997999999994,0.011428008000000003,0.006569024,0.025192381,0.007783816694250299,-0.0033919779618758993,-0.10662641612177629,0.036353289673969
2020-10-05,0.006476100352939901,0.006476141944289,0.0138669433504972,0.0273107520483098,0.0066525417284270996,0.005660895430375701,0.0041137571553006005,0.0058905086621778,0.0133614928066625,0.004998576192585899,0.0126853794404739,0.0064867940643738,0.0064387776584057,0.008742106320989,0.0003927344184009352,-0.0396880837393269,0.0005595031757884,0.0011914037059735,-0.0003545051735796,-0.0010982977490627999,-0.0008445946448012,-0.0028403558810256003,0.008626465669001,-0.007159220044537201,0.0361821733274598,0.033254338999999994,0.0,0.045600298,0.05223930599999999,0.036989434,0.034352732,0.051601221999999995,0.0682204242493198,0.0911376936937632,-0.026913070077854484,0.022197846752416903
2020-10-12,-0.018941365958283395,-0.0189386842968006,-0.021054488406923103,-0.0457824440295592,-0.0168989502951128,-0.0284579066491803,-0.02721642401607354,-0.0197200527483518,-0.0221126397912207,-0.018255076733061898,-0.021882825584882398,-0.018933647964173003,-0.0190329861217693,-0.024736311932028,0.00039258023862731134,0.0,-0.0001118755944559,0.0005494002518925999,0.000945067997098,0.0035440084347291997,-0.0001408351526868,-0.0088394348556156,-0.0197852106475295,-0.0047166406881985,-0.0308307257777966,0.0030586079999999965,0.0,0.017682532,0.0035359329999999963,0.037201997,0.017374021000000003,0.0027488049999999983,0.016025672807843304,-0.020310695812421006,-0.22875362624984136,-0.041732267687862604
2020-10-19,-0.021371499824652,-0.0213741152519474,-0.031465358886741374,-0.0441538167651185,-0.01797838507428401,-0.03738055203615,-0.0369020315485645,-0.0288318686982681,-0.030274625000911697,-0.019320097298213997,-0.030147267613373,-0.0212454297592283,-0.0213807372969118,-0.0375680628063486,-0.0002944207293459753,0.0,-0.0004476275813325,-0.001557418664852666,-0.0014179371393765999,-0.003205942170522,-0.0009864018273198,-0.015362403696457,-0.028092554127031502,-0.010651634629808799,-0.0076012135361793985,0.022404951000000006,0.0,-0.015738277000000002,-0.016149019999999997,0.04079698799999999,-0.034011619,0.003881238999999999,0.1075456328289782,0.036065610671815004,-0.1997310540792826,0.011010797356880101
2020-10-26,-0.017680881807628803,-0.0176802481737351,-0.0125700135626185,-0.023894368346886394,-0.022912055745327196,0.0068916725894217976,0.009026475754405499,-0.005229352350011802,-0.011710409739949204,-0.019211065452094694,-0.0111386752223496,-0.017892917471936897,-0.017460920208542504,-0.0030989754191065,0.0004906530690652036,0.0,5.421010862427522e-20,0.0010996060853232085,-0.00023651844954149985,0.00025347471725399974,-0.0007051689171701,0.004355060792025799,0.004511542229819403,0.0042977481626752,-0.0270399907378385,-0.057186717,0.0,-0.06575090400000001,-0.08090767499999998,-0.010384614,-0.055217281,-0.062224518000000006,0.03570170895647691,-0.0276232708533393,-0.13401342291155888,-0.054824443388354
2020-11-02,0.0569520977333386,0.056952844556208894,0.0688679039975092,0.11155864417506159,0.0624920906666171,0.030901412302417202,0.025156186465739798,0.0267607302594206,0.0719282713714814,0.0543324482453142,0.0680058122491379,0.057463154939917695,0.0567200139685756,0.061082795554201895,-0.0009815469967472,0.0313110440660597,0.0002238388369727,-0.00201686903718,-0.0028425934100047004,-0.0075472056353829,-0.0016944370052404002,0.019125187466622198,0.0436919513658523,0.009962107806025501,0.07006774432671521,0.048964983999999996,0.0,0.09980354200000001,0.149970443,0.085138455,0.08645240700000001,0.110759716,0.12354006842640891,0.1477476117645004,0.3193428030950022,0.06307360556280171
2020-11-09,0.014409832903550891,0.01440787675753481,0.017519043567466898,0.0225276657841142,0.015558324490933202,0.0089067690759084,0.0078859450961011,0.032887461135289,0.0187226438732344,0.013086219825292796,0.0199358900966495,0.014098635324144952,0.014389060627493455,0.023525319797085803,0.0003927344184008945,0.0,-2.710505431213761e-20,1.0028870095490916e-16,0.0007114062429511999,0.0034838799736166,-0.0004240582436858,0.014866703026976402,0.011284636546112801,0.016223296845446898,0.021292607457102798,0.10255942199999998,0.0,-0.032758563,-0.090876909,0.007095122999999998,0.004790932000000003,0.08958574100000001,0.0864102723463141,0.0349049851120719,0.1059359760840767,0.1298661751964325
2020-11-16,-0.012627016215125075,-0.012623118118507578,-0.0037309995710456006,-0.002494801384749201,-0.009113954018438154,-0.029692778426916235,-0.0317746777468425,0.012182202031174302,-0.0018112841233053996,-0.015541145776706549,-0.0005932943086763005,-0.013055797784820404,-0.012704729918168317,0.00029990028540349996,0.00019630938421886309,0.0,0.00022378874436010003,0.000733877658843157,-0.0007114062429512,0.00025444213699019427,-0.0008486563451355001,-0.005549858523145,-0.011203220916145399,-0.0034249104381355996,-0.013691656732378196,0.004286016000000002,0.0,-0.028673765999999996,-0.015861758999999996,-0.02045307,-0.016230332,0.002279857999999999,0.0940258434201583,0.2798246350004438,0.00927750328078699,0.7656484328485413
2020-11-23,0.0035484360496359866,0.0035445387036639165,0.010148826470854801,0.014007568263899598,0.0060112942050456995,-0.0086217389369705,-0.010401929578900002,0.0181917222360334,0.008002962030914,0.0022348894244627786,0.008902370435863699,0.003289006309031473,0.003535569626156963,0.0012061899225955007,0.0004906049257015447,0.0,0.0004474273005288,0.0007333394773603,0.0010669196673272,0.0025408669551968,-0.0005661712819320999,0.0015343800365799007,-0.024900235547827797,0.0112146637827068,0.012234811372111402,0.056421095,0.0,0.022744228000000002,0.013169578000000001,0.028746919000000003,-0.006412196999999998,0.036026374,0.06644796459107051,0.010444812381226007,-0.14613088642638927,0.07882829958551509
2020-11-30,-0.007961839022100401,-0.0079618038839902,-0.0019918808659164997,0.000683346139971298,-0.012606383980931,0.0148365142707444,0.0159555097594208,0.0020321273944138,-0.0018498661845605003,-0.009556214544479802,-0.0015044991868089998,-0.0081408619315474,-0.0077849656341719,0.0032044361229625006,0.001176470723929572,-0.0217773231563838,0.0007825163889321,0.000274863715139,0.00023693875244120002,-0.0006769335171343256,-0.0004248389216343,0.014157093263193001,-0.003060780701743199,0.020251789410216398,0.019233281608881596,0.009196936,0.0,-0.004050356,0.022148976,0.020350943,0.047404656,0.015494583999999999,-0.022372498360479904,-0.03812413534041811,-0.0714976672812296,-0.0870793759761988
2020-12-07,0.00011704478216463207,0.00012069465629334039,-0.0009211452938791996,-0.0600123787632901,0.0006256227025342,-0.0023458418961042,0.002037577896401746,-0.0075425590485774,0.00021478934748369975,0.00026410504129290024,-0.0004743348598364003,0.00025521375065699946,8.367929251314535e-05,0.0052206741671128,0.000881445627805374,0.0,0.0005585656180527999,0.0026531281287341,0.0007104796035989,0.0046446901893247,-0.0004250194864576,0.0108297741456517,0.0349753919697808,0.0022508551141287017,-0.012118222538521298,-0.022985701999999997,0.0,-0.005144793000000003,-0.041027125,-0.027212631,0.001307970000000002,0.009126985,0.002862411836136604,-0.0099032177754101,-0.1401881508535185,-0.2016889495970122
2020-12-14,-0.0035328729467240024,-0.0035334209899890983,0.0045274868165169,0.008283797090148495,-0.003350114612650201,-0.004418217740551799,-0.005360871377728799,0.005604167218909401,0.0052000387809014,-0.0057247128890613,0.0052366194287363,-0.0036988153134574,-0.003488397947763601,0.004920238285863,-7.388837805488713e-17,0.0,-0.00044682753200970003,-0.0010055305020187932,-0.0013029317804157,-0.002024121463619,-0.0007087674830692,0.0176670379544493,0.00012436650825960183,0.023933702899251404,0.012919643479007096,-0.004022768,0.0,0.024685756,0.019688437,-0.027753705,0.03413026400000001,-0.021617683999999998,0.1695589508516231,0.039821521489905705,-0.031743106632816,0.03791190735198112
2020-12-21,0.0272711077818867,0.027270143072645303,0.0232417406093172,0.035822704984205804,0.0310684680243963,0.0086397443322039,0.0065598284646637,0.016694999337967198,0.023347961261461,0.0284026979556046,0.0227585481380961,0.0274625146767871,0.0271026767583123,0.0215053144580724,-0.0007834688482241734,0.0,-0.0008942544749748999,-0.0019224613418546,-0.0013046316266648,-0.0022820446872658003,-0.0011350739016639999,0.0044232246241686,0.0122302059941077,0.0016523808365674,0.010885296195947101,0.044670769,0.0,0.018852255,-0.021188088999999997,0.004589135000000001,0.041068269,-0.0024310329999999995,0.1720772998389639,0.18042837978560022,-0.017157864101787573,-0.7346732796436355
2020-12-28,0.0124511791181095,0.0124491793107594,0.0121437317008091,0.0174726703947225,0.011805444486594,0.015645795800541897,0.015503895175694699,0.013508209046211101,0.0118626481713608,0.012562024498101199,0.0120081831988563,0.0124318239696483,0.0124902100331572,0.0128055356597856,0.0004897399578760891,-0.0824220922489178,0.0004472271988672,0.0025624613636998,0.0005932253837135001,0.004137645759519,-0.0005680204640086,0.014987570359518698,0.0147369483608834,0.0150790199174418,-0.0093357195854715,0.020271794,0.0,-0.0014825899999999998,0.004702752999999999,0.010600122000000002,0.005440964999999999,0.015015786,0.16588483866447243,0.35361133025943514,0.4944444298912978,-0.0465634551542231
2021-01-04,0.0071180721604912,0.007119944324569201,0.0042363186286567016,0.011538588195222299,0.0068207198982308,0.008590003070731201,0.008360165045364298,-3.220195367050014e-05,0.006636620100169402,0.007385380293909999,0.006048716174779499,0.0072470107449646,0.0071903419840287,0.003961369998718201,9.791921672423911e-05,0.0,0.0,-0.0020128094627236176,-0.0024939149556817003,-0.006340103236020999,-0.0011370097870752002,-0.013757535633098898,-0.012295274295178397,-0.014278400991367199,0.0263899499897217,0.068063847,0.0,-0.012668720000000001,0.016843174999999995,0.025457136000000002,-0.004834935000000002,-0.012632334999999998,0.10655075315294409,0.046866284407413,0.22369647292854053,0.1994011687835214
2021-01-11,0.0043703653944544,0.0043710021511317,0.0122477438241381,0.0432712905180884,0.0035786362098072,0.0082647739544743,0.005480522673434101,0.0187923986460501,0.0127375328623365,0.002137213994618129,0.0132712396697414,0.0041102943296260006,0.004380338106731,0.0149434530762365,-0.00029378641938782783,0.0,-0.0003354016466122,-2.0706906241757528e-16,-0.0019043090734575,-0.0016975050757541998,-0.0008536065392401,-0.010363654105553,0.011677728716431798,-0.018368323467871105,-0.0001842464064002996,0.019078675,0.0,-0.032251163,-0.031931554,-0.0398357,-0.037891828999999995,-0.019519839999999997,0.029461074808354595,0.1426392042218541,0.1998117745098385,-0.014419025683395398
2021-01-18,0.0001847325226118999,0.00018557695929750017,-0.0149974295009899,-0.029112765014080097,-0.001954305949381765,0.010625184917182699,0.013777736514331,-0.0088997753350339,-0.0157685874525685,0.0040179235302494,-0.0151590341007538,0.0003482940835199998,0.0003593188486485997,-0.0154768957977322,-9.794798969566841e-05,0.0,-0.0004473772583286,-9.158767236320002e-05,-0.00011913981070849999,0.0005944546054209997,-0.0005694760973948,-0.0081087752223395,-0.0312301452865784,0.00028000700200440064,0.0147502043891613,-0.035609284,0.0,0.060666129,0.06422498,0.09118568499999999,0.08968862,-0.018225975999999998,-0.1237490099172424,0.0520204235943193,-0.025492460191669782,-0.05663766734222429
2021-01-25,-0.011567772881399499,-0.011567640665964902,0.006028741963070499,0.0330719248395972,-0.009567412175834998,-0.0213278951040895,-0.025677990002307208,0.0186751519379554,0.006528156460653101,-0.0163717430131908,0.0076147704102214,-0.012119358881848601,-0.011660755071847197,0.0066747591155011015,-9.795758444448236e-05,0.0,-0.0002237637064605,-0.0014665447174768,-0.0009536298255186,-0.0043391398323516005,-0.0004273199979559,0.0070752023068905,0.020262939692039003,0.0023220346454105,-0.0213660375303338,-0.03902038299999999,0.0,0.026251251000000003,-0.054147187000000006,-0.03505813000000001,-0.05247855400000001,-0.034609384,0.03553394639071,0.0331394219737745,0.2202476342201807,0.32253084962405343
2021-02-01,0.0066110451287509,0.006608340948696301,0.030117899425152396,0.0636386024279889,0.008425381382975501,-0.0023395752646561997,-0.007971505534919201,0.030584691269309502,0.0307659844458679,0.00039972036032460013,0.0307495132716058,0.006161716479573099,0.006653711526671301,0.024457013578797503,-0.0011762400885650095,0.0142732429918365,-0.0012315961921765,-0.0046890170040182,-0.0021489979617102,-0.0069305090237807,-0.0007126060302977,0.0019449134409444998,-0.005341269919902,0.004578306860487499,0.0368676701760218,0.069857748,0.0,0.043198846,0.045247199999999994,0.133731823,0.035728629000000005,0.037916631,0.32024867297287385,0.24357058083038782,0.5361649372785173,0.1865556577262673
2021-02-08,0.013274136278834501,0.0132748181044597,0.0070285393633972,-0.0345965949989357,0.0135861284870806,0.011726627656212102,0.015722759886803904,-0.0041201212130037,0.0045795931719611995,0.0157338156608341,0.003800180927857199,0.0136013201058967,0.0132721637769155,0.005593394222073899,9.80728682198026e-05,0.0,0.00011202599014660007,-0.001291036697212458,-0.0010762332877378,-0.0043884250611057,-0.0005704506714876,0.0005436064739637008,0.0009413965974323997,0.00040208788395690136,0.004332221378254,0.023422652000000002,0.0,0.011453596,0.09605570499999999,0.0029638200000000007,-0.010215795,0.0031981859999999996,0.0371524536204543,0.01881524162568019,0.11700279353465291,0.20381644410713418
2021-02-15,-0.018811660038942104,-0.018809984191528198,-0.0018412352662241,-0.012424272504135702,-0.016825940698888202,-0.0287415482284107,-0.0301260762017042,0.0019453605586317998,-0.0022079207265549,-0.0232412534442141,-0.0018371250425334984,-0.0192034168728505,-0.018860923312309402,-0.0129767368698817,-0.00019615535567008946,0.0,-0.0005602554911518,-0.0010155565660720002,-0.0005984082519540999,-0.0019854121934679996,-0.0009990723731178998,0.0180101484093625,0.002174741915494001,0.0236547967765485,-0.014365557216238101,0.046816056,0.0,-0.016544965000000002,-0.002325394999999999,-0.0029733959999999997,-0.041477822000000004,-4.916899999999946e-05,0.12276023159919561,0.0012364580833526817,0.48928249443442995,0.04074207736864342
2021-02-22,-0.0022050659653208016,-0.0022076390241706004,-0.008753692125557797,0.007968379251334501,-0.0010325283858085982,-0.0081199055378973,-0.0095096463597441,-0.0047445587829221,-0.006972334816339999,-0.0010031226038960984,-0.006771964881169698,-0.0021556565483061008,-0.0022450337983276995,-0.0059345287490007,-0.00019619384014281556,0.0,-0.0006727211824504,-0.0005543749564507006,-0.0010780380752976,-0.00034569181918880053,-0.0008571429096211,-0.023127961146028702,-0.027000511383468803,-0.0217656602341108,0.006510426270366201,-0.005759058999999997,0.0,-0.036298464,-0.08468445300000002,-0.032551926999999994,-0.06859689499999999,-0.005961891000000002,-0.0881954357416597,-0.1300333878894846,0.03405949257354818,-0.2455817339787043
2021-03-01,0.0154367447383663,0.015437222757503602,0.0042815735446083,-0.016273685518810296,0.0167419508767742,0.008788456600563398,0.010942707547095101,-0.003227817380276601,0.008179402979280602,0.0176098172222256,0.0071591510982063,0.0157893359488496,0.015390376532965199,0.00810442450624,-9.811135646808999e-05,0.0194166621434446,0.00022429068166260002,-0.0006471594549356,-0.0008392782699949,-0.003984069014874372,-0.0008578782339114,0.0026073292410346005,0.002713603357546901,0.0025726032097778,-0.020839347619579604,0.025095291999999995,0.0,-0.003362212,-0.09580981999999999,0.036498552,0.0013185750000000076,0.020688856,0.0513528281905208,0.159197179989404,-0.0948543406810224,0.057252846988759404
2021-03-08,0.007471596136815701,0.007474044449165401,0.0191042007355975,-0.0033096040983408995,0.004316077444038899,0.0233418324830204,0.0255701799819519,0.02325632381919567,0.0145235986627966,0.0054167797301047,0.015303586277705698,0.007173095556283299,0.0075419679817547,0.0159507493215329,0.0003923876840613906,0.0,2.710505431213761e-20,0.0014786066828423997,0.0003597769421789,0.0025135441185928004,-0.0005723279595343,0.004989183636233199,0.020770561399437497,-0.0005881466384472997,0.037895293201025096,0.034133386,0.0,0.017760149,0.031166737999999996,-0.02270134,-0.003217152,0.037062407,0.06771984744244128,-0.023730004865964813,0.042071578677982786,-0.0791550319636944
2021-03-15,0.0207275669765534,0.0207263377401373,0.014920565477241899,-0.0015729469788241992,0.017823583715227,0.0355692617443967,0.0386374686533788,0.0111082916864823,0.015097050758953897,0.022305734437125,0.0147384691913938,0.0209107971604509,0.020766064815552602,0.0088823057892483,0.0002941897545121026,0.0,0.00011212647878510003,-0.0010163071970072002,-0.00035977694217910017,-0.0015593869572496002,-0.0005726557064153,-0.0078228671189506,0.014562473833748701,-0.0159367908115244,-0.007168598236794801,-0.006489115999999998,0.0,-0.023172003999999996,-0.0007975629999999994,-0.011302659999999999,-0.00863005,-0.006880605,-0.024957836852732507,-0.0576485973184675,0.050352987756712,0.2286096375506227
2021-03-22,0.0051188359338598995,0.0051178359873901005,-0.0007447293234803995,-0.0198792856036406,0.011407537067752202,-0.0270544009630722,-0.027639263836520298,-0.0011313347844784994,-0.0034178580618331993,0.00730191135267848,-0.0032109105483647004,0.0052368034510407,0.0050079852357201,-0.0039796957310762006,-9.805363541689151e-05,0.0,-0.00011212647878509999,0.0002772771402762004,0.0004796738309984003,0.001819048533123,-0.0005729838288833,0.0015076541047836,-0.0062831639469257995,0.0043157204579122,0.0077101579166821005,-0.00032236100000000364,0.0,0.026263703,-0.0005061489999999974,-0.0011007759999999995,0.010116181000000002,0.026053741000000002,0.05739146978907879,0.0731458115351703,0.2341127383289976,0.0320818906907608
2021-03-29,0.012737798856289999,0.0127377116811668,0.0270360240772077,0.0324132848320057,0.0142744216371334,0.0047072528799948,0.0024027855765946997,0.0195479879022045,0.0286501048605208,0.0087595454561991,0.027833756888803497,0.0126079517278528,0.0127198652308315,0.024132359982243702,-0.00039231071511408176,0.0707912761840411,-0.0006730230203564999,9.240863103190011e-05,-0.000959577859405,-0.0007791870876021998,-0.00100351237724,0.031955929998587596,0.0044060048912399,0.0417118922407509,0.0265439860581681,-0.008937812000000002,0.0,0.024519366999999997,0.073012727,0.050582272,0.014659784000000002,-0.007948017,0.02239115218340918,0.14702268109395417,0.19804267740883577,0.4829937594003379
2021-04-05,0.0027237346315686006,0.0027248935021842993,-0.0007846735882334997,-0.0164359193750992,0.0025395799819206994,0.0036912744823721,0.0053687905738226994,-0.0019160762176137001,-0.0010509463813431,0.0037465266396897994,-0.0011283836675521986,0.0028120110180413,0.002690094931772401,-1.767346505999936e-05,9.809210856862461e-05,0.0,-2.999987411267391e-16,-0.0005545799199353001,-0.00132092483932,-0.0036442556600506998,-0.0008609557139648,0.0114487328032812,0.0004437892377955992,0.0152442121584374,0.012206003428963401,0.016581508000000002,0.0,0.054208372,0.041708577000000004,0.064056282,0.07816477299999999,0.045886606999999996,0.014049219251851102,0.014817468541910997,0.2155187908275513,0.46658793205035276
2021-04-12,0.010567239257357698,0.0105678614135153,0.017263423169458596,0.0017628102693123004,0.010417917733054801,0.0113364311094074,0.0121209402079818,0.002787636755823499,0.018037843917590966,0.008940473021841599,0.016682896959751798,0.0107164451893649,0.0105358590376208,0.0128148628713345,-9.809210856858176e-05,0.0,-0.0002244417022104,-0.000832446979579501,-0.0008414979158583001,-0.0024369028595725,-0.0004307559833997,-0.0039028974260346,0.0138884834064148,-0.0100860345023114,0.0085078155272665,-0.019252458,0.0,0.018932345000000003,0.09987675700000001,0.005305879999999998,0.008684019000000003,0.022349511,-0.0721514546842487,0.012465755877218508,0.10522654918178577,-0.1098500072623784
2021-04-19,-0.0018021635699607002,-0.0018048183412022998,-0.004673728521533,-0.024510368888340205,0.00024066283281622613,-0.0124481304376205,-0.011471075524460903,0.0060616540495863,-0.0059541604495296,-0.0009734437139232006,-0.0048864866197046,-0.0019520171990922994,-0.0018226891562173994,0.0003554516617719,1.282882220593473e-16,0.0,9.999054535747565e-17,0.0012946182684830745,0.00024050024165930007,0.0025238253682108003,-0.0008620690189053,-0.0163869617393081,-0.007647703111598299,-0.019474610388295302,0.005834132234033099,-0.020495633,0.0,0.0015712279999999992,-0.041525986999999986,0.007497841000000002,0.0011919170000000007,-0.033335695,-0.031028895182462116,0.1570199032404127,0.3280997845085549,0.039848914620073894
2021-04-26,-0.006356024569048501,-0.006354947331053601,-0.0197447313785494,-0.007462672308237502,-0.0040804927904385,-0.0183714195971005,-0.0192539359862645,-0.012420563912696601,-0.0218431531258825,-0.0024755437932486007,-0.0209913184144599,-0.0062399406442377,-0.006348834232674601,-0.021700981634823698,-0.0004906049257015487,0.0,-0.0005613247410930001,-0.0026835716840568004,-0.0020460980839979,-0.0033083784311617992,-0.0005751258246233,0.0025677919454945002,-0.008187620033888902,0.006354864164586907,0.0012028239170170998,0.023816889,0.0,-0.034951842000000004,-0.016895636,0.023024937,-0.021522389,-0.006524611,0.05717215771468981,0.30288767233773617,0.04354307071236271,0.128395736476826
2021-05-03,0.0002764906978495992,0.0002777548286546005,-0.004142579341579902,0.043156972006591604,-0.00034466180614009957,0.0035718194389395986,0.0002782903978241994,-0.011425337910234198,-0.0008711012610594007,0.0008286033124645879,-0.0018299721279794977,0.0005017515860335003,0.00032136683594310034,-0.0083973281160665,9.814024248529999e-05,-0.0670957344989626,2.710505431213761e-20,0.0008336035308824,-0.0006025911601444,-0.001658302802017318,-0.0008633094061367,-0.007065811680661599,0.0062044880921927,-0.0117370583800451,-0.0010094153288339996,0.047175907999999996,0.0,0.0011097569999999977,-0.013228811999999996,-0.000667366,-0.00955409,0.025453425000000002,-0.023714053539258505,0.1414192675007847,-0.06810244776562449,-0.1135268161482681
2021-05-10,0.0007269107349809991,0.0007274222690570992,-0.0043002910064336005,-0.0066099088270103,-0.0004920138440639007,0.0071541630749979,0.008312902245181901,0.0010390593647007004,-0.0037931259081494997,0.0017917116306838004,-0.0033584650383850986,0.0007199520156227998,0.0008477714390911018,-0.0028216126202423,-0.0009818361122567933,0.0,-0.0006740058668995999,-0.0038031677026987,-0.0036231923694202005,-0.0088616504452974,-0.0008640553532971,0.0022449575770928003,-0.0047075182631952,0.0047055235067611,-0.006020334956641596,0.017033401,0.0,-0.017219470999999997,-0.039189019000000005,-0.03177158699999999,-0.021424477,-0.006269851999999996,-0.2492220387866373,-0.18572194675920967,0.0881364686704746,0.07440741800190631
2021-05-17,0.0182792245433898,0.0182778574222619,0.028641597428495598,0.0251237804087384,0.0172261380352225,0.0237949492852732,0.023684583925743498,0.013311099875213499,0.0232937106460261,0.0172096560127245,0.0223708272540538,0.0183762127060879,0.018284376345641097,0.0159270180577691,0.0003928501327287222,0.0,-1.0001765041178778e-16,0.002135265166296793,0.0008465864930857999,0.0038701781089225474,-0.000576451954282,-0.0023954804645020997,0.005808400289671901,-0.0053026173416434,0.0080762704633275,-0.008265215,0.0,-0.012081538999999999,0.051234514,0.006889005,-0.015976274,-0.018466452,-0.11762882238005562,-0.21643597241718654,-0.4041397770068297,-0.41018638310345323
2021-05-24,0.0072976843576281,0.0072960037719153005,0.019244144463182,0.0380088662922747,0.0077872107020392,0.0047370612032505,0.001912706616674099,0.017459072857190373,0.019971884227421625,0.0040142117574731,0.019740966714468736,0.0070990507105413774,0.0072639385797070005,0.015393467811822902,-9.819806557714985e-05,0.0,-0.00011237849087499996,-0.0001854943429541999,-0.0007256016765325001,-0.0029012284625342002,-0.0005767844428108,0.0023398367398882003,0.009823846748648401,-0.00033296120330325026,0.0011882241021598998,0.009666647,0.0,0.018228231,0.080254409,0.026972312,-0.006558965999999999,0.033959824,-0.03612033997041289,0.026633603791357083,0.04783062634873425,0.05272235579452099
2021-05-31,0.020649741098437,0.020651990713963703,0.011361911337027401,0.023013369691321797,0.0165368987689515,0.0419096152503758,0.0435264988704467,-0.0029571876158535995,0.012644153250476502,0.023141819814280002,0.011222309183659102,0.0211079492893769,0.0207255802845264,0.0032137332879089006,-0.00019642506446946396,0.0214773665487389,-0.00022479487562359997,-0.0008351506076283503,-0.0010893906542489,-0.0014978636220473003,-0.001154567886951,0.015458187226904098,0.0063017144343329,0.018727139050697596,0.005808837769407501,0.013306102,0.0,0.0044358379999999975,0.078907915,0.015459977,0.010219633,-0.0037313510000000004,-0.10651776180266731,-0.047012289739576205,0.1535422605828652,-0.1950125010010245
2021-06-07,0.017636487717806005,0.017637317403124523,0.0107767643892211,-0.0155582999246524,0.014362139929469477,0.03418371297896456,0.0382841892542666,0.0080355776326585,0.010339827205364801,0.01959982942961,0.010131190240179201,0.01782022562027915,0.017838712381706028,0.0158555576721746,0.0006873189921516398,0.0,0.00022479487562349998,0.0038914160104606,0.0026608627213773,0.0097399094026752,-0.0007222824438237,0.0184190318112494,0.00885999281169537,0.0217935279609152,0.0067510546244826,-0.037650264999999995,0.0,0.027917288,0.013953655,0.015187625,0.011530728999999998,-0.021396638,0.18097056512528,-0.02042604889646829,0.011710875437901294,0.0361966029837128
2021-06-14,0.009622550241688599,0.009622585809703,0.0019085613155085009,-0.025888587860789306,0.0078430268438457,0.0184717612086305,0.021947567003204202,-0.004428017682489901,0.0006435955005999992,0.0120592820355455,0.00019501816193870022,0.009886590759756599,0.0096325252879415,0.0026190348512308004,-0.0010802849074158603,0.0,-0.000787003244848,-0.0026853111186933,-0.0015714720671282,-0.0011358176923323,-0.0011567381278235,0.0042002256807531,-0.006216288186511041,0.007827709445253999,-0.007160458616091998,-0.080313057,0.0,0.005953695000000001,0.044626729,-0.011580265,0.024127534000000006,-0.057958062,-0.23874534136125097,-0.29557842206963003,-0.37311003356406836,-0.3803761217870615
2021-06-21,0.0019624798194838354,0.001959714006876708,0.0059216847157919,0.0086814341659265,0.0023182213582980324,0.00019708631618590034,-0.00045363462428780164,0.0066862754719697,0.0036753061078821005,0.0014526097349815002,0.0039447077703878,0.0018766385505340957,0.0020572353229770177,0.005030491914598699,9.825595684640715e-05,0.0,-0.0002249718794639,-0.0011132759290641999,-0.00012098481655290004,-0.0006996064998950999,-0.0008684325339538,0.0013422874890060997,-0.007318449290048301,0.004325493827019601,0.015459358542080599,0.040605670999999996,0.0,0.021318364000000003,0.020826487000000005,0.019764115000000002,0.020109140999999994,0.028941843999999998,0.08347298914953069,0.0964481245646717,0.21124993357457697,0.05320999089202939
2021-06-28,-0.0016804975734007732,-0.0016790534737380388,0.0058767568373458996,0.0106827092051564,-0.0031570338659191997,0.0056450310846233,0.0052560623346283005,0.008853800230554954,0.0045453939449767,-0.0034040284204642003,0.0049380539249230995,-0.0018824882579029747,-0.0016522632035074357,0.0026203095234729,0.0003929273135033107,-0.002058017510066,0.00022497187946389995,0.0012059930029798003,0.00024195499755129987,0.0006996064998950995,-0.0007242703293357,-0.0011539592871077,-0.0054896458132345,0.0003251685098306003,0.012260769864636801,0.012771045,0.0,0.046556053,0.07372129699999999,0.022191211,0.050180856999999995,0.011725817000000001,-0.0201922213923886,0.05560963222722721,0.001723679024045896,0.016261683170137715
2021-07-05,0.0088748220227385,0.008875115511372999,0.007306038804665099,-0.020619013340615597,0.007728341647973699,0.014514342595545,0.0171845466079414,-0.0015386235613096002,0.010434246214198101,0.00875120752107755,0.0093471498518407,0.009074522340720599,0.008852559172481698,0.0139368767857299,0.0010797547061314936,0.0,0.0005622083692246,0.0044403403206717,0.0028989028635429,0.0083573220821805,-0.00014491703525119998,0.024771630479790196,0.050847888061127604,0.0157365279136518,0.00941555986224,-0.001667703999999999,0.0,0.0010440120000000002,-0.021548882,0.002081548000000001,0.036135363999999996,0.013553091,-0.017642849422972697,-0.0764716514989524,-0.0669656403084453,-0.037563668674115404
2021-07-12,-0.017002238194982797,-0.0170036566923651,-0.018242319165123602,-0.0523338436456191,-0.0202185275489454,-0.0013766217290831,0.0023222964430735992,-0.016866449053065502,-0.021224876653193944,-0.0160031442492356,-0.0208305649694638,-0.0170049632786898,-0.0168367044200018,-0.0172037637253413,0.0005884660821051202,0.0,0.0003371733664987,0.0026731822159064,0.0018075560744803,0.0072557975750076,-0.00028989708856460005,-0.0140541092367985,-0.0326080197837141,-0.007590813700166401,-0.0291906063492368,-0.02509232,0.0,0.010059323,-0.09896518900000001,0.011497680000000001,0.008782203000000002,0.026350331999999997,-0.0731256427980647,-0.11399112308593941,-0.23254366755440742,-0.1224398940356746
2021-07-19,0.0153879735478082,0.015388484733292003,0.025399445648603098,0.038344982620209696,0.023894552042241203,-0.0265923558725096,-0.031341879363462,0.020129100752767703,0.027237204757319205,0.012449808883629,0.0265949910598926,0.015296645484940703,0.015215167985846,0.028675401523870398,2.6156377411212794e-18,0.0,-0.0002247696120948,-0.000552486201899,-0.0008431195922508001,-0.0007748934909246996,-0.0008701958489659,0.0072288021448071,0.015202649279325,0.0044724294346912,0.0377452853876508,-0.008395389,0.0,0.031277795,0.07410797699999999,0.04651105,0.014714617999999999,-0.004394634000000001,0.1919056032217702,0.20616010032516122,0.14656536998687308,0.11517622929847551
2021-07-26,0.009129211966207,0.0091290379786322,0.0067597060021779,0.009585978306679099,0.0067578357517417,0.0210451105501685,0.0219075970055898,0.0056594691993682,0.0049099983219341,0.0102219139206346,0.0049775084564741,0.0091955527259381,0.0092054781878821,0.0170792603065153,0.00019607843200077722,-0.0461314063389719,-0.0001124037544037,0.00220811571916,0.0012042390665338,0.0030959777051280998,-0.0005805515402534,0.005984526487872501,0.014098598913480101,0.003145815846541501,-0.0079778298274418,0.007539219999999999,0.0,-0.016569033,-0.0030212129999999983,0.012784909,-0.018341639,0.019304809000000003,0.04872729208474928,0.1558988580960946,0.16012845609545326,0.1668557194233879
2021-08-02,0.008636146587877598,0.0086360076229406,0.0036058943480706007,0.0044942571921522,0.005235611326955001,0.025433169481278897,0.026981604618566503,0.0025068817181431997,0.0024677779290809,0.0102488345808909,0.002471012495753,0.0087531420941458,0.0087580634876479,0.0028636595844698,-0.00019607843200082522,0.0,-0.000112416390428,-9.190754107863785e-05,-0.0009632752099456,-8.587007862380033e-05,-0.0008714597501408999,-0.0001253908273471866,0.0037978494023485003,-0.0015098555237400002,0.0102478245342984,0.036993361,0.0,0.015843732,0.043503655,0.007483397999999999,0.0019177950000000008,-0.017736241,0.1678271376721348,0.19364608678578238,0.15436465179949713,0.1019438325507371
2021-08-09,0.0074817779136339,0.007482383224896099,0.002444079639684892,-0.036770597132232,0.006485039201694899,0.0123402345339537,0.0158378960232929,0.0051552397267362994,0.0017968621715831004,0.0088785182241236,0.002100451994884264,0.0075255778516131015,0.007558484122726001,0.0028130438462460015,9.804402184450851e-05,0.0,-0.00022487070029540002,0.00045945325871418497,-0.0008436276487091001,-0.0007731627033493538,-0.0007267970375896001,0.002406107413659899,0.0081700869216337,0.00036623497129260017,0.010628394742758899,0.015623324999999999,0.0,0.011643466,-0.008778470000000002,0.014546841,0.020052201,0.009015327,-0.007814633693060208,-0.003588283411443703,0.4764958014856018,0.37500430703910836
2021-08-16,0.0054436476831897,0.005443338909095202,0.0060492982639054,-0.030706138761361294,0.0068431728854874,-0.001386630623931799,0.0006152130652128985,0.0016717959899485999,0.004582177202936801,0.005734209052197999,0.0043194252833778,0.005515302708431999,0.005368025944467899,0.0056687746330104,-0.0002941609081365661,0.0,-0.0002249212785011,-9.187376551076927e-05,-0.0010857109456631,-0.0006017623220491,-0.0008728542887598999,-0.0024274760284514994,-0.0098727596142796,0.00020594824364620007,-4.018197972699769e-05,-0.033431745,0.0,0.038550609,0.030633546999999997,-0.002165956999999998,-0.006122014999999996,-0.017673371999999996,0.0741656405058429,0.0502742398935836,0.1927989274768167,0.0461690040823389
2021-08-23,0.0010414479692271992,0.001042441920180599,0.0141684963783641,0.0086606319656597,0.0021465707928464,-0.004390834823064199,-0.005274292756828801,0.0141913728384636,0.014611670468348574,-0.0024836124085799998,0.01457337780889557,0.0007915839908131002,0.0010828815032018994,0.015696987678259097,-0.00039234919581271463,0.0,-0.0005625246252848999,-0.0018392501046595238,-0.0016912301687568001,-0.0043088656807704,-0.0007279610134384,-0.0082995900881717,0.0133716284548065,-0.01602993918307,0.0109366654383376,0.052439882,0.0,-0.015362452,0.083819622,0.04672997599999999,0.0027629260000000006,0.014994625,-0.051587705172136004,-0.029002176470899997,0.3785366185466399,-0.12434297562124601
2021-08-30,0.00011058232224759983,0.00010983269353779992,0.004959375136225799,-0.0009410361583137988,-0.0006395975563348996,0.0038003182296535,0.0041229802590973,0.0108750666570186,0.0036616034973046994,-0.0009966440025852988,0.0043137633948283,-9.625715920050064e-05,0.00012220749588130048,0.006884152300289598,-0.0002943629516421601,0.0310531022384847,-0.0002250984815356,-0.0012894908298718998,-0.0014519058811893,-0.0047612954078539,-0.0007284913267463,-0.0060628237732416,-0.0195725494912918,-0.0012376930240502993,-0.0019361646571763,-0.022075665,0.0,0.004726651,0.009103130000000001,-0.001838415,0.037640606,-0.012100248000000001,0.1120366798523113,0.19748811531625904,0.39676549822427265,0.2322675461461295
2021-09-06,-0.0254666956833987,-0.0254655417914125,-0.016709294636806454,-0.0160401757981411,-0.017592288035786597,-0.0650670155930695,-0.06848073569145251,-0.0124931953389071,-0.01641468041216899,-0.0279667754100372,-0.016058373584202704,-0.0257185142560877,-0.025578829394251996,-0.015101670552464601,-0.0012765750248387726,0.0,-0.0009009009618331999,-0.0034159660230684004,-0.0023031709071995,-0.003564136428229937,-0.0008748906944760001,-0.006517738461708798,-0.011866037217023905,-0.0046293138248762,-0.0114143790645653,-0.013445073999999998,0.0,-0.018196137,-0.016107644999999997,-0.020122525999999998,-0.035153829,-0.026580697,-0.15751194225938922,-0.1787045555562957,0.029305994709003982,-0.2662086936635067
2021-09-13,-0.0226171859695017,-0.0226183726030385,-0.0168927955595014,-0.0366930054992674,-0.026175445960958298,-0.0045793560846332,-0.0023230804032312,-0.0158037716860606,-0.0208254163677923,-0.0232083819757471,-0.0203691332896856,-0.0227486937507813,-0.0225282558004856,-0.0191257929083542,-0.0011798251294843,0.0,-0.0009017133162821999,-0.0029637884064193003,-0.0014573721306695001,-0.0031399938577131,-0.0007296607401435999,-0.0081269011762283,-0.035048897532413796,0.0011593391196380995,-0.0251529723477946,0.002031439,0.0,0.013969817000000002,-0.026050413,-0.0005396560000000029,-0.019727467000000002,-0.017602369000000003,-0.0482805439205248,-0.1046732501220971,-0.2476723302627779,-0.1491548385114857
2021-09-20,-0.006595027668885398,-0.006593466780535099,-0.006119540535928999,0.031086676298030205,-0.005999040233807099,-0.0095664198319841,-0.0124366776983907,0.0011896572722023,-0.005233881062813899,-0.0071279065669031996,-0.004633648260912601,-0.0067538755286692,-0.006556826571870001,-0.0035539716084120026,-0.0013782242780158332,0.0,-0.0009025271370754,-0.0052078607429002,-0.0051175937204993,-0.0093913886367332,-0.0013147324952728,0.0169848309810168,0.0128822205819931,0.018373517955198596,0.019403302115765998,0.033427909000000006,0.0,-0.0017355530000000025,0.008230863999999994,0.009999504,0.005870725000000002,0.003198671999999999,-0.014294411669542302,-0.00843519306702599,0.03417661786530111,0.00709833056667708
2021-09-27,-0.014761364862543397,-0.014764087142925101,-0.040821166139602905,-0.043394083444753505,-0.022738960845804405,0.024163981374049397,0.028866137144981,-0.0259979122433446,-0.038769765090684694,-0.008649807183265102,-0.0375596634881119,-0.014530472154500698,-0.0145818053657699,-0.0325187739116911,0.0006893495767593001,0.0067227193611133,0.0005641749091819001,0.0011182556379176994,0.0006106124632534,0.0021141656923354003,-0.00014618814440189997,-0.0219442909990751,-0.009625035796823098,-0.026121677141873,-0.0326325879715621,0.024776455000000003,0.0,-0.034840807,-0.06255688000000001,-0.040700391999999995,-0.029494171,-0.016282247,0.1508551664050662,0.1414881143289203,0.1983905058673252,0.12148913736746061
2021-10-04,0.014053771738652998,0.0140545850907496,0.0089529065948188,0.011052461250913997,0.009962394486841664,0.0333285673363082,0.0348064955712531,-0.0013280062434796007,0.0097344768974648,0.0154718856126505,0.0086720521469661,0.0143679600070209,0.014075392848354702,0.0071783656102425,-0.0016749597491937966,0.0,-0.001806481240958,-0.0070097020514289995,-0.004650032852690901,-0.0117726520110422,-0.0013166558847466999,0.0158988686926063,0.0048510164416915,0.0196468691398085,0.014022962178466401,0.018319741,0.0,0.019694103000000004,0.004281632000000002,0.023469578,0.0017510069999999993,0.009461259999999999,0.1573986263724408,0.0477359357120509,-0.1406322889935955,0.08706901491275901
2021-10-11,0.019493674857887444,0.019496086850489217,0.028795219382141402,0.0183958549828117,0.022369554081697496,0.005992908921328202,0.005174426009502199,0.029982410414241698,0.0267394416999705,0.0175002296747104,0.027049643931210503,0.0192796527512799,0.019390807652948705,0.033832631505440504,-0.000690505576141122,0.0,-0.0006782726916147,-0.0003752345259787999,-0.0011044978726069002,0.0049738089925903,-0.0011718179164256,-0.011813333372846098,0.0214054005911962,-0.02325056163203,0.028319016179868803,-0.021435966,0.0,0.03125145,0.048307695,0.011257235999999997,0.013484614999999998,0.01377698,0.07603452492242592,0.05578712085451361,0.0819628623595784,-0.0486620876711116
2021-10-18,0.0060614834528002004,0.0060606540911948,-0.0013636554726141996,-0.0048206786068288,0.0112767813031509,-0.018998792352518796,-0.0199477258304319,-0.008663213093731706,-0.0029840114955160995,0.008590352103693,-0.0035269361839994004,0.006361138724702799,0.0059628768852483,-0.0073666205207325,-0.00039478879312590016,0.0,-0.0007919000357272,-0.0028187559770236,-0.0022126622426316004,-0.0030168612056293,-0.0008797654526381999,-0.0073826008440744,-0.009240943261347799,-0.006727901971863202,0.0176786953376831,0.030558824999999998,0.0,0.016140733,0.038759675,-0.027258969,0.026233957999999998,-0.015155987000000003,0.016211770845941904,0.11790674710152943,0.289886257208646,0.010386467288695992
2021-10-25,0.013286215708583099,0.0132859351761791,0.011318346644952699,0.0240935829921078,0.0149289947214028,0.0052255842347003,0.0039363388300417985,-0.0058826462639027,0.008393196142405801,0.014920235753238798,0.0070398764413864,0.013671141096781799,0.013221112424617501,0.006619843617492,-0.0031639338238679472,0.0062463257584572,-0.0024929191380753998,-0.0049047447882364995,-0.0049346263469559,-0.0032934294756254996,-0.0017618562772187,-0.012589687627325399,-0.0141344057842524,-0.012051164058186195,0.0102809683192258,-0.011063418999999998,0.0,0.07013076500000001,0.117792828,0.073415649,0.007437475999999998,0.005596093000000002,-0.032820553435221694,0.024993942908645705,-0.0317165164128584,-0.0020937716462587977
2021-11-01,0.012660553970797902,0.012661366408947501,0.0167230896992124,0.0038693339431331002,0.010914825004035202,0.0212255517284038,0.0224158383891079,0.007701270503371001,0.0177964149866204,0.011568223076161701,0.0168348574120511,0.012760783279457,0.012862095747694403,0.0179991998670988,0.004840710860221783,0.0,0.0037370520814535,0.012683967673162098,0.008497064854397902,0.0162720251082153,0.0013216831353458,0.0321531573567785,0.012135008486402603,0.0389686366929518,0.018900509707882897,-0.010889591,0.0,0.013299989,0.15159386900000002,0.005429487000000001,0.009831326,0.033465403,0.1021710592990576,0.10680515908886379,0.19942323263192804,0.1599106521313211
2021-11-08,0.011869695806498,0.011868218868929201,0.008951665209453901,0.0643614406913936,0.011839138698500699,0.0120160151480064,0.0083579431553253,0.0005823895976956004,0.012931907026055501,0.0118961940635565,0.0117677886962997,0.012094521193621999,0.0116119318565204,0.0072789263166362006,-0.001775498592285746,0.0,-0.0016969289665093,-0.0051481369844592,-0.003808592354838899,-0.0078376518512057,-0.0013216831353454,-0.005182570404354797,0.006062753413065102,-0.008987235625020497,-0.00402792382184655,-0.007106403999999999,0.0,0.0019620179999999994,0.021217267,-0.0011697040000000006,-0.008563759999999998,-0.016367849,-0.06116633010484429,-0.054355946178245795,-0.044917468140652304,-0.0905409373225782
2021-11-15,-0.006010444496213001,-0.0060104497055815005,-0.0254608757989037,-0.013155201571887999,-0.0056859314190113,-0.0075965874995991,-0.007198230725281657,-0.0231696663475375,-0.0225863392358904,-0.0016930804839579993,-0.0226403308926175,-0.0056718562047863,-0.0061465243217572,-0.015525037194726402,0.0018740450323748545,0.0,0.0007922585440716,0.0041206276698273,0.0034406522022852,0.007398959148403599,0.00014693997528460003,-0.0164773680002911,-0.0099784639552308,-0.0187250190933154,2.989619613809986e-05,-0.036247809,0.0,0.018799324,0.081939344,0.0016700280000000014,0.068036745,-0.017692322,-0.1214466148472583,-0.10860722207578251,-0.09633193538737794,-0.1222072992771071
2021-11-22,-0.025607693809200402,-0.025607412974266,-0.0345436100978156,-0.054584109390556405,-0.0253822464179191,-0.026708448714613097,-0.0247467924499144,-0.0246461830549567,-0.03469855915109721,-0.0235269597093049,-0.0337521746149767,-0.025627346016832,-0.025535931072511002,-0.0289259178284077,0.0005910747881673416,0.0,0.00022624434485660005,-0.0014964462201458998,0.0004905567917852004,-0.00035109277987259956,-0.00014693997528449993,-0.0231033514915162,-0.0404388936945526,-0.0172109220838935,-0.005926206624320097,0.006256765000000001,0.0,-0.039928586,-0.045970156,-0.046337929,-0.023570571,-0.04819305,0.026598133115810694,0.0836356554430259,-0.05437708077029629,-0.0440390708524768
2021-11-29,0.009441509971209698,0.009439915071833598,-0.0039977974103241,0.006959959560607097,0.0062384913612755,0.024971693534373902,0.0262087264906582,-0.008048368248993801,-0.002794305636419801,0.012654476376708999,-0.0032922037129363008,0.0097820325345633,0.0094333932191788,-0.009844838428796297,0.0004922955842054,-0.0052540140575919,-1.0842021724855044e-19,0.0054139962355533,0.0020821858217838,0.0107401163358426,-0.0007350239213682,0.014328706251249802,0.020566356332650318,0.0122327598287071,-0.013756118871780597,-0.022735351,0.0,-0.020439153,-0.026048184000000002,-0.0012773679999999992,0.031573298,-0.022881214,-0.1334942258617989,-0.01962103100081221,-0.05079972088232081,-0.1803226217679385
2021-12-06,0.015360307634838397,0.0153623234384152,0.0172162484624374,0.004090823219637003,0.014507027987500302,0.0194476213979527,0.0204831393456482,0.005479660541155897,0.017715679583971695,0.0150583931240598,0.0165664257212655,0.0155499041044254,0.015437038616299104,0.0122441420506215,0.0,0.0,-0.00022624434485650003,0.00018616773766869728,-0.0006119576716281002,0.0014753745353612998,-0.0007355645789536999,0.0013939486967934006,-0.014469416144505,0.0066811729038719,0.0166946982859902,0.009619477000000001,0.0,0.058705151,-0.016258859000000007,0.04138479,0.10328843300000001,0.030536344,-0.0790616854779029,-0.1413408787355332,-0.22408584674273024,-0.0563631060161241
2021-12-13,0.0014279276340770988,0.001428191357281899,-0.010662311996243899,-0.0174400021946516,0.0023957184491552007,-0.0032084639361956973,-0.0022634271388389023,0.0047880353844479,-0.0104310143852358,0.004019792610275397,-0.008997389633749901,0.0013622694634707003,0.0014028180011294005,-0.0055162644240226,-0.0007877893071141001,0.0,-0.0009054895921454999,-0.0012107102759458003,-0.0014702281501557,-0.0034749405134824,-0.0008833922835968,0.0132244168449514,-0.0022789154838786,0.018292187888129998,-0.021858639981570498,-0.019332284,0.0,-0.05626245999999999,-0.082703707,-0.04333377199999999,-0.047414671,-0.022363456,0.0030506354544895965,0.0387756173239005,0.11236851592399012,0.11672905465664149
2021-12-20,0.023030005016992698,0.0230307022138917,0.0360605289420676,0.0348992392944304,0.024119578160835098,0.0177770421014182,0.0166400114341442,0.027821187487636498,0.0340773831509028,0.020412146502627,0.0334821895964348,0.022937484033724396,0.0230163509913812,0.0330968961174686,-0.0012814827521362999,0.0,-0.001019656803917,-0.007013635146956892,-0.004054308643391799,-0.010761729480696999,-0.0011790716178048,-0.0031759842579198935,0.0160628828297424,-0.0094999448435685,0.047698964178306796,0.0031845140000000007,0.0,0.033078733,0.064052754,0.035975822,0.029591705,0.0002436850000000039,0.07715295218090498,0.026020300617669502,0.11803246891483292,0.051346597851619886
2021-12-27,0.0065566005946195004,0.0065542620741244,0.007971537386066301,0.0178625130907073,0.0081067516347865,-0.0009770715188814007,-0.0022531269252622998,0.011420014993095674,0.007358048555190599,0.006256617665208001,0.0077441859056152,0.0064617053586628,0.0064554676354776,0.007450555542871801,-0.0014806774335429,0.0500057309998919,-0.0012476607981552,-0.00423191490658,-0.0035764976151429,-0.0085693355348579,-0.0011804634689384001,0.0221091004702005,0.0150441264772683,0.024447476987955803,0.0011201795127167005,0.006907356,0.0,0.004858372000000003,-0.007756077,-0.014151860000000002,0.007291304,0.015904399,-0.086198851771704,-0.0708515165509051,-0.13765133521823558,-0.1061782131871182
2022-01-03,-0.0342796055290723,-0.034278085382961496,-0.0537247819333348,-0.0193558329748059,-0.036374209969873596,-0.024115772660592498,-0.0244425185182617,-0.0345047118209502,-0.0505759078905651,-0.030587946970805302,-0.0490327534771269,-0.0342750380034939,-0.034168388290084,-0.0504273576472168,-0.0029679483598919,0.0,-0.0021587237832721004,-0.0092786122977592,-0.0065695928876616,-0.013218018650048999,-0.0016254159470719999,-0.0048315006317777,-0.0241388110243628,0.0014517791435504999,-0.026677826065016202,0.05414365000000001,0.0,-0.068542713,-0.076425276,-0.055607575,-0.030882588000000002,0.034133352,-0.1051462984193369,-0.19885106511092,-0.2252248218512365,-0.11914451332874411
2022-01-10,0.0034734647607950996,0.0034717679345215,0.008116947092150599,0.00042650730067889976,0.0061475078901764985,-0.009521754486297303,-0.010209227195958098,0.023361338006519496,0.005472925721221999,0.002543443634255199,0.007216369263527303,0.0030802788609572,0.003333392091942,0.009434719327254797,-9.908347791110026e-05,0.0,-0.0010241821663397,-0.0018089213291739002,-0.00024875622018800015,0.0022450730098096,-0.000591715993596,-0.004917183834418399,0.01064082813711424,-0.009965848230772,-0.0201533736616067,-0.05705288,0.0,-0.012303104999999998,-0.011256972,0.017819808000000003,0.005213828,0.008767909000000003,0.010212458806020997,0.04105379684843902,0.028790235539114986,0.0311685908256289
2022-01-17,-0.0614754670528711,-0.0614741849381862,-0.07145644369175941,-0.0511020534343056,-0.0607069240800294,-0.065252639868628,-0.0662437130160221,-0.060721667528871495,-0.06962901597102869,-0.059672577705645505,-0.0687498604603084,-0.061491200922842805,-0.061572174958605605,-0.06746276263290471,0.0009903932670490964,0.0,-0.0011392117887333,0.0008572653761179997,0.0011189160115595,0.004475081306999799,-0.0002959893465445001,-0.0102258676019524,-0.0229075188256999,-0.0061021742239351,-0.03716362710991441,-0.084613254,0.0,-0.046756492999999996,-0.14206214,-0.067690144,-0.06357215,-0.059390547,-0.14208581296472442,-0.27484629114302106,-0.4231349971143554,-0.21996034906199669
2022-01-24,0.0287338885925775,0.028733871579816897,0.035178076934946,-0.004855842925119799,0.027639092311438504,0.0341036838243559,0.036796137779898604,0.032466349379318,0.033065281511463096,0.027676815955404,0.0330055695234952,0.0286593057611156,0.028754603999716404,0.037827554718791304,-0.002577065555496842,0.0182562163161948,-0.0022823243959458,-0.0065912260404372,-0.0056071419724741,-0.0100521399290884,-0.0016295092858343001,0.0080420349340792,0.0332204615123953,-0.00021929159571159955,0.023622828135966497,0.010490678,0.0,0.040482818,-0.023110971,0.02275008,0.04761371799999999,-0.015279477999999999,0.0486883239655152,0.09675875811995739,0.08457635248289981,0.011386336010063499
2022-01-31,-0.0059307334564153,-0.0059299172567009,-0.016617037786898402,-0.014939474188040702,-0.0007493874636213,-0.031650577909919306,-0.0327914751499756,0.0026358825040117993,-0.017542635533257904,-0.0035636827391899994,-0.015526095301779001,-0.0061036790446164,-0.0060671048147345,-0.0160409454473783,-0.0076712704966514006,0.0,-0.005843614451812499,-0.0165245099366234,-0.012574037162070699,-0.0210572476673576,-0.0031182741133499,-0.0137735928460526,-0.022154685133411997,-0.010993323823712901,-0.007040482800105503,0.039781942,0.0,-0.007554603999999996,0.06274458699999999,0.07190674300000001,0.012021602999999999,-0.053330406,0.1303333120112741,0.15610812770060079,0.1626496858603163,0.2904488126503812
2022-02-07,-0.014039408256298205,-0.014041935998211998,-0.015188225472875202,0.05071518748791,-0.015796400247223702,-0.005228318182899001,-0.009200366192207501,-0.0210489233338802,-0.013035708353913896,-0.014088056043843503,-0.013840940177167901,-0.013897495372960998,-0.013939144364934902,-0.022196586573277402,0.0011994004436344,0.0,-0.0003448077730847001,-0.0039051108886999,0.0010117618164207998,0.0003684259045083002,-0.0001487320594694,0.0031337185957902008,0.006300956208593832,0.0020878359372607995,-0.0185024984485793,0.008875026000000003,0.0,-0.036278039,-0.015331355000000005,-0.064945681,-0.021993086,-0.023832641999999998,-0.029006022975499406,-0.0688202076571175,-0.1963535352874502,-0.03141396374724
2022-02-14,-0.011585935070475301,-0.0115850973539426,-0.021389624858929798,-0.0264274236133808,-0.011661821784257106,-0.011208199141270702,-0.010103887535578298,-0.0153743315394824,-0.021650331890771597,-0.0092852836614095,-0.021018369442853332,-0.0115097054257835,-0.011454078086972198,-0.018211968392263196,0.0038881460677382,0.0,0.0012637143390075002,0.0037102171051951,0.0052950199357387,0.0056017410819953,0.0008920607192814,-0.017874148320422802,0.005522610203223999,-0.0257472968116551,-0.022262627172870898,-0.011631831,0.0,-0.024393601,-0.012901808000000015,-0.029316142,-0.007977633000000001,-0.026334420999999997,-0.13859673387293459,-0.1307993925914026,-0.1485278882946084,-0.13136109207496108
2022-02-21,0.009312550683891599,0.0093132221466679,0.012301447102361699,-0.020701331558453898,0.006251621194175098,0.0244414820455493,0.0276122382474067,0.0028755640935620034,0.006273591625205295,0.0101313388763275,0.0059308234592564,0.009441953253562702,0.009402946506835699,0.0092838743903486,-0.0006967600938825999,-0.0202083846258365,-0.038027395589238996,-0.030777749709570302,0.0002514458147520001,-0.0033021493957589992,-0.0007433286598116,0.005284055544853401,0.0217429834247606,-0.0004058716148527021,0.015942817542632798,-0.027791586,0.0,0.032057989,0.021549439999999996,0.030633406000000005,-0.014752618999999998,0.034695503,0.15273344058548188,0.1259203167910635,0.1800387455294618,0.1058916867785662
2022-02-28,-0.0687600850046513,-0.0687599665046283,-0.0822773728825786,-0.15787794841108843,-0.0753096882206737,-0.037288869105925895,-0.0295277762932406,-0.0638208816985697,-0.0774550918769156,-0.06700280073739599,-0.07607359178989061,-0.0688595241819103,-0.06873158633088611,-0.07974828826089671,0.0017906888987116,0.0,-0.011153200701638699,-0.009390688487199398,0.004014558145501701,0.0087816151603847,0.0011890607821907003,-0.0120116243521807,-0.009949797295487499,-0.012732953834446899,-0.0403201893109983,-0.096189173,0.0,-0.025377361999999997,-0.051866489,-0.019169768,-0.010243416,-0.0060108439999999996,-0.12646639777948,-0.15591116486909093,-0.1920579403409962,-0.07810504953529311
2022-03-07,0.04523746571757,0.04523766700976809,0.0453825155411665,0.042364622218215894,0.0440361308371153,0.0508534088987474,0.0513630453935136,0.0549937094575389,0.04011225021291019,0.046102120014127,0.041639378654467,0.0450398112487603,0.045370729498922395,0.05089769021573191,-0.0065815953575499,0.0,-0.0056842385619707,-0.0171906412804345,-0.0105727857124134,-0.023497971267303602,-0.0049140148024288,0.0319122633470586,0.027106828794096132,0.0335897097324692,-0.0066824542334671996,-0.041861063999999996,0.0,-0.034358400000000004,-0.037130124,-0.0155555,-0.053110953,-0.028080876999999997,0.04129598647540251,0.0365277228889965,-0.011717334621242699,0.06861300648079
2022-03-14,0.047575270656927696,0.047574367188235364,0.0527489902441778,0.06766132666730551,0.0467754126945015,0.051711986754784396,0.0507936080926696,0.0316826803488969,0.05174058911212741,0.0471002627773951,0.049683155155720596,0.04789715578927,0.04749474429998558,0.0433003561166617,0.0004001200413488999,0.0,0.0082135985373888,0.006788752672207401,-0.0002531004822421,-0.0038301695663663002,0.00044772778898800013,-0.0181722199554142,0.014027196029395398,-0.029647455884103696,0.0667517438345773,0.083397175,0.0,0.070175162,0.179791961,0.04703949,0.05806280800000001,0.06623810799999999,0.0349591974482353,0.11208621177152449,0.0893177090454826,0.07878103884348271
2022-03-21,-0.0007138560792147993,-0.0007145340071381999,-0.006707683059238899,0.0013922909039296993,-0.0043750751562238,0.0164488774741998,0.017377742009376397,-0.007695402059705808,-0.005555469662547699,0.00048358024702179966,-0.005775263019926,-0.0005738179636380989,-0.0005101209798246999,-0.0048259101345480004,-0.0051135620525536996,0.0,-0.0015650397463991997,-0.0066855481723995,-0.0082608336583017,-0.015278991939099,-0.0029886453805536995,-0.0097624162255583,-0.020751463134840303,-0.0057794584834048,0.0253070484412477,0.012907008000000001,0.0,0.010759734,0.04577403999999999,0.03994433000000001,0.063440253,0.015643193,0.13739476425627642,0.1409498888943422,0.18191413811089752,0.0295674910000488
2022-03-28,0.014433829463958,0.0144368817682541,0.0078465632835712,0.013578708075246405,0.013058216091268057,0.0207190328451445,0.021154985761992602,0.0066966525972636005,0.004026474198697801,0.0167796479230765,0.004292414418912861,0.014583113349250899,0.014521252997484399,0.0116602126835275,-0.00020106564861150028,-0.0170102280176018,0.0019258551932142,0.0047359297825511,0.0002551996951456006,0.006725102305743698,-0.0008983381349757,0.0237951441004089,0.016507372999858,0.026403024138783603,0.001554897803599499,-0.047695076999999995,0.0,0.018725126,-0.03603072599999999,-0.010804789999999998,-0.0023493870000000014,-0.008938123,-0.010780415594328907,0.0538508373698327,0.218104306615995,-0.042659323413916705
2022-04-04,0.014653860063068298,0.014652485454799101,-0.026938216862618,-0.0924217571953435,0.0102206637107213,0.0347286014200189,0.041954241874704,-0.019106891424075602,-0.024278183289148103,0.023322109121389,-0.023754153392932,0.0152969890750442,0.0147422005898387,-0.0102259177432035,-0.0064555398689883,0.0,-0.0051841697877202005,-0.0199176708896109,-0.01154895423269,-0.027564191271936482,-0.0046543136343797,0.0042420360101536,0.021652675601212798,-0.002031835972150099,-0.0378270301711663,-0.013541821000000002,0.0,-0.041068492,-0.144458084,-0.050208328999999996,-0.024507625999999998,-0.030401862999999998,-0.16523201581478897,-0.16653715951484022,-0.2873837569382912,-0.1741635767375218
2022-04-11,-0.014488218186138295,-0.014489911559027454,0.0021525539983814424,0.0344323314850392,-0.006140718123529799,-0.0522549646923005,-0.057065741442784604,0.0092799198365138,0.00016821789001000018,-0.0179670772353875,0.001099191855079099,-0.014940653268528873,-0.014783789477293929,-0.005653911847254499,0.0007081078642954999,0.0,0.0013287433252915,-0.0056740721737783,-0.0005163955704739001,-0.013482033049398299,0.0019544469876243004,-0.0172038998325152,-0.033465836327577506,-0.011343877887581701,-0.0047341022649774,-0.056792749000000003,0.0,-0.059448898,-0.08392149399999999,-0.050449631,-0.028626221,0.02610761,0.0324694023487301,0.025356127308909,0.027986612103062306,0.09986723693172439
2022-04-18,-0.0137794493719018,-0.013778270330674702,-0.020987683014506802,-0.0208298211154524,-0.009729033965655502,-0.032727939285264504,-0.033423605586718,-0.017159160119228502,-0.0172476445152856,-0.013003433707902998,-0.017238572777733698,-0.0137150164282536,-0.0139338573814991,-0.015758631503186203,-0.0005057401614900002,0.0,-0.0013287433252918998,0.0029461300770821995,0.0018062190434995004,0.0103719129411028,-0.0018039692204308,-0.002609583876922301,-0.0037207821457859004,-0.0022386984200860015,-0.022001829060841402,0.0054560300000000075,0.0,-0.020944643,-0.085549935,-0.057609257999999997,-0.021402311,-0.023639049999999998,-0.009052349135329794,-0.015893912268644398,-0.008956527676462794,-0.1007260266150177
2022-04-25,-0.0088140003969045,-0.008812746009762699,-0.0108238677472831,-0.008326214811644696,-0.006604193154230902,-0.0193351884934245,-0.0199897602080511,-0.0248340394126405,-0.0065025847576500005,-0.00891267214118,-0.008370203220947798,-0.0085086901872025,-0.008887336954073899,-0.012252294100584503,-0.0010122482896929002,-0.0122871578744195,-0.0009674689350582,-0.004105917228014,-0.002064516862319,-0.004585597576319,-0.00045150124929820023,-0.026956220071776896,-0.0037582108194518012,-0.0354016648295654,-0.033308409574764504,-0.060545742,0.0,0.012655377000000002,-0.05087531399999999,-0.047291116,-0.02592180699999999,0.014994761999999998,-0.048852323172694,-0.051822777315938304,-0.1450051062446079,-0.12265294961186739
2022-05-02,-0.0475051724483306,-0.0475080615412765,-0.06690573047500843,-0.0896177431325209,-0.0499613718138848,-0.0358526558437394,-0.032817519329707494,-0.047155839667359,-0.0651468849310368,-0.0440114987753061,-0.0633050660929115,-0.047512505248923906,-0.0473567729797538,-0.0615668254165476,0.00010127095051430007,0.0,0.0002419549975508999,-0.0056069969693654,-0.0015511895561256997,-0.008741400257544801,0.00045150124929799976,-0.032100145546704,-0.0314227053852463,-0.0323570182392259,-0.0403019206395984,0.03587681200000001,0.0,-0.010104126000000003,0.006877675000000003,0.014243950000000005,-0.002349697999999995,0.009873057999999992,-0.2403725527347561,-0.24101852488349368,-0.3251584242022232,-0.22004456093966837
2022-05-09,0.0208945875832509,0.0208954141081732,0.0363854578979871,0.0433946339212343,0.03683450286303865,-0.0579776587314193,-0.06384800288710239,0.0157695199177876,0.0366629850284163,0.0178835379018286,0.0345275174269447,0.020991594996898698,0.0205564624351744,0.0267622264851206,0.0059569058979733,0.0,0.0036223174116093997,0.014743316756565998,0.0115756919578891,0.0228213532073344,0.0024045698390853004,0.008986216174684902,0.029950809494573002,0.0011310398989313993,0.004192899226454199,-0.03814147999999999,0.0,-0.05080878500000001,-0.05328217599999999,0.002622995000000003,-0.06684703700000001,-0.009769690000000001,-0.0144296415260875,-0.1044512025564017,-0.16499030175022433,-0.1542007723421107
2022-05-16,-0.018972859640471396,-0.018972412130539296,-0.0048054216591169995,-0.0486307981241728,-0.023150470283721195,0.0024270765656050994,0.0054624566360096,0.0025008506716821,-0.004897477288032999,-0.0223012250742433,-0.004144710792022806,-0.0193805909225187,-0.018751597176361802,-0.0047198568152018,-0.0026207050580457003,0.0,-0.0030176859160746,-0.0039803132051061,-0.0019200005898243001,0.0029846457432835998,-0.0015021784408067,-0.0017690122863494012,0.0012659608418591987,-0.0029236066844041,-0.0085846255465559,-0.014803806999999999,0.0,-0.033331216999999996,-0.058854169,-0.06352197000000001,-0.066902394,-0.019725119,-0.025916810239322394,-0.02530558624276229,-0.0894356759081519,-0.04311322168160599
2022-05-23,0.023679267054939602,0.0236789633804756,0.0243775883473272,0.021656009998381503,0.024190308255520904,0.021832883561472498,0.0201691203344223,0.007007830764153603,0.0223465081750513,0.024247471225577202,0.0208107311034305,0.023994540142639603,0.023929046647836898,0.0166476599983285,-0.0024252235007496,-0.0638096924927132,-0.0020572403939821,-0.006105924855012,-0.0042370224522014005,-0.009077802560762,-0.0010528691654725,0.0180845721482783,-0.0101966260175379,0.0286866052088464,0.0390876193885277,0.112180633,0.0,0.07870165700000001,0.11939242600000001,0.030817299000000003,0.08395418400000002,0.034191395,0.08644814057604,0.012225749893904916,-0.039021510917508995,0.0328267490850002
2022-05-30,-0.0182266383837992,-0.0182272629858695,-0.015674876182204003,-0.015118831404184102,-0.0149668756848006,-0.0343206310655658,-0.0362328443642757,0.0051514688286367,-0.0169316325360471,-0.019048261009927302,-0.0147226074042571,-0.018679419843678005,-0.0182307219002438,-0.011686237266429499,-0.0063943379507265,0.0,-0.0048573258828597,-0.0126456177446767,-0.009826818151788099,-0.0205829083533943,-0.005432335676892701,-0.0291681608700537,-0.0413261888204096,-0.024710931478630106,-0.002597662112217001,-0.008491807999999998,0.0,-0.011854505,-0.004849355000000007,0.019612077,-0.028881364,-0.007822719999999998,-0.011275406296078191,-0.07117172283937259,-0.10602878938168178,-0.0369372874379522
2022-06-06,-0.05619453881561479,-0.056193243982838696,-0.0678661733484813,-0.0641889853110503,-0.0609634246165304,-0.0327586823237345,-0.029650634993700402,-0.0480051444965227,-0.06835764896150451,-0.05384168602947731,-0.0662830712328219,-0.0563548540329097,-0.056130288743000904,-0.0506857735199105,-0.0111607158584945,0.0,-0.009294429144326901,-0.022822903987250898,-0.0163755542422357,-0.0235470024648673,-0.0078991752068333,-0.046564036479683796,-0.0336890012675906,-0.05128920502405313,-0.0945430220714087,-0.085029775,0.0,-0.065146008,-0.097909663,-0.029948749000000004,-0.05842162100000001,-0.044825178,-0.3329188265131698,-0.43406122438442785,-0.408878488796919,-0.2598068783208222
2022-06-13,-0.035440677529192395,-0.0354397356288716,-0.028631847552132998,-0.0343065520914798,-0.039034575059923096,-0.0182020617596858,-0.0166516659127322,-0.028757431594285898,-0.023635433986577404,-0.0380714231140546,-0.024164408562344506,-0.0355721958644867,-0.0353334568447179,-0.026336174618111895,-0.0048511216568481,0.0,-0.004186167157265,-0.0118865586186978,-0.0059614669499237,-0.016046130988832005,0.0013716377979184,-0.06314805933590681,-0.058551022527787204,-0.06485445100376899,0.004034914356060501,-0.056081458,0.0,-0.021333547,-0.06662231600000001,-0.036815023999999995,-0.041466410999999995,-0.035962136000000006,-0.08768596918886001,-0.06600421152131936,0.22814407839946102,0.0395671135720427
2022-06-20,0.039334773724694294,0.039334436849881506,0.0353901370697427,0.0375984459268872,0.0363216597874053,0.053479749199306294,0.054976069578499195,0.0149555066880413,0.032234787703976704,0.0414137964469898,0.0304696272789933,0.0398167406719598,0.0392563996994874,0.0290701805925353,0.0059831001672259,0.0,0.0040632943918588,0.0087086478843605,0.0088630780598513,0.0095360886706569,0.0041036610517618,0.041715647571362806,0.026768010492779503,0.0472303293963492,0.0353126750622109,0.037251982999999995,0.0,0.07785056100000001,0.075537274,0.096303654,0.073966842,0.001779201000000001,0.0065774974127808025,0.0569124907853777,0.0821961130053895,0.08840937359164935
2022-06-27,-0.003683274314554402,-0.0036829155258036005,-0.013668356813962201,-0.0173117235961668,-0.004399045422036601,-0.00035563299765909925,0.0012140262934834988,-0.014494450059351599,-0.014067501858997,-0.0012649822309133002,-0.0141112333790952,-0.0034721168754254985,-0.0036880683062373992,-0.011815411345027801,0.009723222808340799,0.0221088517736869,0.0062473407085531,0.0212843304718519,0.019174917370539,0.043141987243121696,0.006651574032625201,0.0005306250928356002,-0.006776627079532201,0.0031803047538446995,-0.0177770962325974,-0.028268270999999994,0.0,-0.030802105000000003,-0.164864176,-0.081535972,-0.019459690000000005,-0.027653624,-0.024617136216469396,-0.03635911543609251,-0.04430022274872397,-0.07171470674381969
2022-07-04,0.014931208007698302,0.014930356056051801,0.021703150073508,0.009066786586620103,0.0156892390189128,0.0114088586166945,0.011623340212844498,0.0196603749057533,0.0190080504298392,0.0139751531067239,0.019073762120226198,0.0148395477331309,0.014931146506426698,0.0217971278177112,0.0013232227489262996,0.0,0.0010984317940945,0.0032181962982154007,0.0034823018358746995,0.0064302637778108,0.0013551157686142999,0.023038201890746395,0.0183122064518264,0.024744826018098198,0.005995474527306198,0.0027144010000000004,0.0,0.030652644000000003,0.086678576,0.09315293,0.056734453000000004,-0.010159393000000001,-0.012969989267810303,-0.0478876945310324,-0.0946326576103696,-0.0450814141876566
2022-07-11,3.23827813738008e-05,3.182365452500087e-05,0.0063734447301164975,0.029078288415063398,-0.0018848144095213026,0.008911603483203401,0.007046367050229797,-0.00017574328171169988,0.006322077125454002,-0.0012766558157233988,0.0056640041902635985,3.6560629127901836e-05,-7.097156524499704e-06,-2.9516229008499928e-05,-0.0034644420222819,0.0,-0.0032989216795753992,-0.0041856782333958,-0.005033892527293301,-9.712038078820047e-05,-0.0036177308073477004,-0.0064925114319182,0.014270282220284711,-0.0140538917317549,-0.006136425476609298,-0.01240616,0.0,-0.041731533,-0.004810200000000001,-0.06557942500000001,0.021063361000000003,-0.003120088,0.11862005517574639,0.3638182990719217,0.26794541104336156,0.1527797569007824
2022-07-18,0.011739086938232002,0.011740730963552898,0.01443682011478778,0.026692174661773996,0.0144286351659921,-0.0007441434153242004,-0.0033475076070698002,0.0054257022843508,0.014053963513964098,0.011401423875885401,0.0131864042595572,0.0118612817109589,0.0117482356966696,0.0143716949469493,0.0048874957285834995,0.0,0.0030549299740827997,0.01027186433641,0.0068347677245763,0.016567514374073798,0.0013581832616762005,0.013443052572747999,0.017755669554256698,0.0118496530841481,0.034883097289510404,0.015897793,0.0,0.014079229999999998,0.094202228,-0.03530536200000001,0.025768848999999996,0.048955482,-0.05127945023938389,-0.0882384284556064,-0.1753001378047428,-0.08209855320489581
2022-07-25,0.0023530272886291,0.0023526137417389,0.0172615998072938,-0.0138903891680668,0.0079710046807067,-0.024349606003821498,-0.025363232997229198,0.0148262969856893,0.016415658304262,-0.0009215787583257997,0.0162562728398728,0.0021099221326458992,0.0023407327067700005,0.015742181733583802,0.0034475799712480005,-0.0660732729706618,0.0017066930876834,0.0140586851198386,0.006277645367918599,0.022668140990206403,-0.0016602524378136999,0.0016169524335283001,-0.0171305748836168,0.0084876803423927,0.0375507758174772,0.005214673999999999,0.0,0.075363707,0.047582409,0.075140123,0.053202687,0.05879802,0.08746296926607851,0.12338791732686472,0.129469314709076,0.11908984670894338
2022-08-01,0.004603838424260001,0.004601931328900198,0.0123784721379657,0.021136325873343,0.0062400457151099995,-0.0033372807773977,-0.005754057762384999,0.0058249706282948,0.0118355820220928,0.0030214751821850006,0.011236267005310802,0.004580668656682501,0.004588470706034101,0.010028807096463399,-0.002127983779151,0.0,-0.0009748964944693001,-0.0048400767888202,-0.003197956035316401,-0.002056652122526398,-0.0016630134606010001,0.0237023908390273,0.013298204468664202,0.0274421654795972,0.005189696694691801,0.003461416999999998,0.0,0.007699900999999999,0.044473274,0.009837975,0.017324968,-0.0009877209999999991,0.021021526768853598,0.0823286003482783,0.009149237348299397,-0.0032213098206218017
2022-08-08,0.0020175317384898005,0.0020177443479172,0.007761766863417199,-0.0076855552022983,0.0012023975299028,0.005983081231736097,0.007340899126247498,0.0169201721174803,0.0078393056156791,0.00039848947886850054,0.008746501997038901,0.0017225178941459997,0.0020229264863358006,0.012401457541106099,0.0004056795187486,0.0,0.0,0.004420129276086799,0.0015362952707981,0.0079228638330533,-9.996344030316351e-17,-0.0013691716739326395,0.0166123584166806,-0.0078677458028616,0.0372394046466602,0.053566927,0.0,0.031316709,-0.014855188999999991,0.035211658,0.040011263000000005,0.043757251999999996,0.013660670922155598,0.0699856115605352,0.038441724264585996,-0.007898991167821202
2022-08-15,-0.0135384581413419,-0.0135361963041882,-0.046839407837879404,-0.0377814896944904,-0.018761022692808,0.0114259229181389,0.016148768864446703,-0.027038648860584595,-0.0372842645324315,-0.0081311017819119,-0.0362512806447587,-0.0132710219419304,-0.0135317088264995,-0.0270785149641967,-0.009679631336594099,0.0,-0.0070965671617004,-0.0236955250526983,-0.018593176042665,-0.0311169740606595,-0.007899175206833399,-0.017455149602625702,-0.0236233948639773,-0.015207927652502002,-0.0377395224384463,-0.029076645999999998,0.0,-0.019929421,-0.047057158,-0.037427458999999996,-0.003375836,0.0034291850000000013,-0.12040488119531348,-0.16010500474953923,-0.2113531338567586,-0.08625202273071769
2022-08-22,-0.0177635686149489,-0.017766155709298,-0.020138287891723203,-0.0199297894529527,-0.015579912572776999,-0.0281095206570727,-0.0288767724960024,-0.0079606988410777,-0.0181140588712637,-0.017923295224338297,-0.0170812154590319,-0.0179573096476863,-0.0177187160428651,-0.0186924044696824,-0.005132427608037799,0.0046391280272866,-0.004306903845746399,-0.0125515605819994,-0.0081131039102736,-0.014664999914299799,-0.004738983110353199,-0.0121247721928518,-0.023264092554319698,-0.0081059790867952,-0.0262924334256723,-0.03395096,0.0,-0.06519339700000001,-0.09323937099999999,-0.060400718,-0.047153267,-0.043086084,-0.052817814083256406,-0.04375917743636282,-0.08863897990441552,-0.0322039386104824
2022-08-29,-0.010823397588757104,-0.010821869863155401,-0.022556267305543998,-0.010308986224675,-0.0153830104924712,0.010635534479518677,0.0125871151944375,-0.0127114410720414,-0.023268483590876403,-0.008173535372179502,-0.0221846748590938,-0.010786369937969005,-0.010809723294682098,-0.021501743884814798,0.0004115649816297997,0.0,0.0,0.0013057673237243002,0.0022311184529184,-0.0005833171466197006,-0.0004598053571699001,-0.019345444572492203,-0.011460329394797802,-0.022157395175639603,-0.030843378050622598,-0.008407082,0.0,-0.045910946999999994,-0.17518841599999999,-0.022825117,-0.04890933200000001,-0.032480809,-0.024215530158586598,0.040473276347991596,-0.008371486652336193,-0.0025103488962259996
2022-09-05,0.0145770981727325,0.0145777528704224,0.019514589403065198,0.0081644017112435,0.015294754466327498,0.0112384363848537,0.0115211004364821,0.0078287822545013,0.0215571140272414,0.0132827303030029,0.020149315342819427,0.0147109148419872,0.0145553275603721,0.0180093229434606,-0.0051567771041057,0.0,-0.0050689358704547,-0.007202912294058,-0.0069723363427397,-0.0095759965682845,-0.0041477899545822,-0.0051535843890856,0.006724735016945902,-0.0094499689964913,0.050448429006026,0.04689968900000001,0.0,0.032278193,0.052805262000000006,0.025630729999999997,0.009962384000000001,0.025359292,0.12143426637675,0.0580069693346294,0.1505167867258278,0.0765401915031721
2022-09-12,-0.037803712179634005,-0.03780605599869791,-0.0519044850862108,-0.0197399150969877,-0.0442668402964479,-0.0080088909522157,-0.0069402813279954,-0.0221116231185833,-0.049583578424822604,-0.035733756671638396,-0.046742952582339105,-0.0381171829479913,-0.037798456695911996,-0.0408821642858443,-0.0068479205143058995,0.0,-0.005343951075885699,-0.0114563932020673,-0.010617219840871401,-0.0130449522554858,-0.0044742803949208,-0.0623306136141514,-0.0259981829918864,-0.0759002352773811,-0.0525744326141494,-0.017693548999999996,0.0,-0.077493536,-0.08625971299999999,-0.07358670299999999,-0.043308604,-0.07775428000000001,-0.13506588396290958,-0.21839255927121687,-0.1353915379361506,0.0740523879200165
2022-09-19,-0.04840209507030531,-0.0484007270951468,-0.0521093082893805,-0.0490613903800326,-0.047757809047101196,-0.0512560465247999,-0.0514558540995737,-0.04661151669488521,-0.0518444306434072,-0.0477322840950488,-0.0513011101336478,-0.0484374221981781,-0.0484070221748754,-0.0497316181112744,-0.002814994300102,0.0590929015049961,-0.0017460717830999001,-0.014619980287010802,-0.010731155964665501,-0.019689234739981,-0.0013926501283723998,0.003148795403444804,-0.0867036702225357,0.035192589882723,-0.0648413105553168,-0.070226026,0.0,-0.028261968999999998,-0.053057415999999996,-0.040295269,-0.0017932719999999985,-0.034241874,-0.0165845221207365,-0.0311291175418155,0.03591564226891459,0.1891659518916751
2022-09-26,0.0186153562301918,0.018615881989580998,0.011446554210944098,0.032552679154103904,0.011895032839933801,0.0478971261504639,0.04928280233024901,0.0003999571499823007,0.0130047693750241,0.020195137109316502,0.0116995406003504,0.0189734198668357,0.018599685290613302,0.0144011997142132,0.012450876762742601,0.0,0.00919489579609,0.0226751962567553,0.020820183531274,0.0302765794670338,0.010474525835045101,0.019839338478742703,0.041470853250058795,0.012490099116692396,0.006378993659094199,-0.043444381,0.0,-0.021325323,-0.030584456,-0.031794395,-0.084795924,-0.026069181,0.0206414960835217,-0.008937290507265806,-0.0273152593864739,-0.010314854582630095
2022-10-03,-0.003894896051547298,-0.0038966763488548018,-0.007970081855096001,-0.0070720756987941984,-0.004080479180760797,-0.003099164826777103,-0.002744207105035399,-0.012881421674937102,-0.011736277247171698,-0.002079433517560702,-0.011856969338025498,-0.0037158089679843976,-0.0038791596927958017,-0.009437041698691102,-0.0100524189676736,0.0,-0.0063279570919792996,-0.026617752757564103,-0.021359776151947597,-0.0460233261071731,-0.0056857625320972,-0.0405913840620759,-0.0342019386700128,-0.0428036388651927,-0.018116427565444702,0.014063354,0.0,0.005737101000000001,-0.005203373999999997,0.031186590000000004,0.013583156000000006,0.02624420999999999,-0.024874029798558503,-0.024555255974174,-0.030701857501725605,0.07115272622873157
2022-10-10,0.0211888978922231,0.0211919390222145,0.0171213696961333,0.0186588708119344,0.0202471887010729,0.025203862411967003,0.0257853866002916,0.0042470893846125,0.01822326246699,0.022190174325194698,0.016764344059552003,0.021521396121934502,0.021108700692190098,0.0182221412357776,0.007057631785923499,0.0,0.0055855665604807,0.0137871376300799,0.0107369169965237,0.015239364215129102,0.0052259571749273,-0.0122427207121977,0.022761541146133,-0.0247102085078805,0.017985928597017496,0.047990042000000004,0.0,-0.02454750299999999,-0.072898464,-0.021717736,-0.012281484999999998,0.015916069999999997,0.0211561308733761,0.0307879402419589,-0.0236089591093979,-0.0350027557017671
2022-10-17,0.0093247115477169,0.009323364599280098,0.0178381284327717,0.0042389818749278,0.0128201443296758,-0.0056828245741772,-0.006566021358820999,0.0093014855128638,0.0171523978475547,0.007734804333192,0.0163409505401735,0.009324751980884201,0.0093318253153646,0.0171048351035572,0.0007237012463705,0.0,0.0008660687210077002,0.00011131518907250035,-0.00026702269851570015,-0.0002030250742938004,9.996344030316351e-17,0.0215232333398232,0.0116171253034723,0.025115723517492403,0.0319452898729739,0.094664073,0.0,0.057634700999999997,0.104683406,0.046242232,0.062264103,0.04847291,-0.010550448082768999,0.009926349641659499,-0.09799776728974549,-0.055913223274684676
2022-10-24,0.0190824967105079,0.0190815758408625,0.0101761660181778,0.005121294427524599,0.020195911570112402,0.014246474264785801,0.015058779872017897,0.014568576751547801,0.017855965414621,0.0194387085629174,0.017512095740464004,0.0191711713215205,0.019053055298976797,0.0099383842861797,0.0023741946636247004,0.0257392275828235,0.0017298904598138005,0.0104086865981319,0.0058580915763276,0.0177102636573144,-0.00015331544683159983,0.0318394694752628,0.0250178824685512,0.0342788907127218,0.019465182493787498,0.031012102,0.0,-0.02615266599999999,0.10412432999999999,-0.049042306,0.05592031900000001,0.114221072,0.057755155602392395,0.1564101960333306,0.1414335051094392,0.026300783255621296
2022-10-31,-0.004892016670099701,-0.0048917690918507,0.010174493566639898,0.0321606801317934,-0.0017665407947532999,-0.018629622917349,-0.0232571221416203,0.007597729266016401,0.011567363983224499,-0.008572025003634399,0.0111663520156438,-0.005132410935079598,-0.004839982795399,0.0050822536443246,0.0011334948918277,0.0,0.0017269031058624,0.0004405286414850998,-0.0017272308818091998,-0.005500838994655899,-0.0006134969517573,-0.0071453059627238,-0.0092250171145778,-0.0064040168695543,-0.0169770628956828,0.035834891,0.0,-0.063354937,0.023009248000000003,-0.10629561599999998,-0.11818442200000001,0.014148271000000004,0.005209071140602994,-0.002625142345220292,-0.0968310524828004,-0.00012493838941319418
2022-11-07,0.0264771404162969,0.026476247257114106,0.0563136289351137,0.015884199777009302,0.0374998901764254,-0.023903171300078803,-0.027711328760295896,0.0280845812593277,0.0546021664674348,0.020484891787132795,0.051963014313247104,0.026446070898059396,0.026428974351119496,0.039185253568485894,0.0022631426180421996,0.0,0.0017239260518705003,0.012474174225175503,0.0007975542094972009,0.004103493722872098,-0.0041509783640385,0.0267992319594202,0.012762188590916601,0.03174126915725763,0.038760398367659196,0.034743024000000004,0.0,0.109907738,0.14268165499999996,0.107541107,0.07862971099999999,0.023207042999999997,-0.214929366936008,-0.23377367967782747,-0.7486655858392964,-0.21321056118169196
2022-11-14,0.0040070599854179,0.004009032789436799,-0.019753728736232202,-0.04002142820591889,0.009067958028120299,-0.020196741962066903,-0.018278677374033398,-0.0009846064809008997,-0.0191594948220479,0.0090424949599392,-0.017356791600476,0.004103700355915001,0.0039944648624069,-0.009086934891254197,0.002052967257694,0.0,0.0018437716488683999,0.0096315879037339,0.0017258550583192003,0.0149693005861017,-0.0007705941662051003,-0.015761418968678803,-0.0047581265251131,-0.019626824747263998,-0.0018489506594649985,-0.010849530999999997,0.0,-0.024124201000000005,-0.057868475,0.010524200000000004,0.010565207,0.008425897999999998,-0.051293622404651,-0.11352909249717699,-0.16714630796738159,-0.0313214337088658
2022-11-21,0.0070733486806645995,0.007072462718743801,0.0043924692344793,0.006654189801639501,0.0054204760757209005,0.0150658580422935,0.0158678423733443,0.0116096286868882,0.003902608614248,0.0076275260232855,0.004675694229492098,0.006985768140866801,0.0070728732487221994,0.005100716185271997,-0.0015393301823513,0.06944166365987,-0.0014747452592938,-0.0005386480065598998,-0.0047866066659731,-0.004931949235595901,-0.0020063283217531,0.013505679982860641,-0.007489322415312402,0.0208281811893301,0.0035380912029080013,0.021436322,0.0,0.025660812,0.054371174,0.00030785600000000045,-0.021243230000000002,0.025405223,0.0268751476548554,0.0542022159777361,0.12358389175179879,0.06761719784460449
2022-11-28,0.0007450904458998989,0.0007463842958003002,0.0021102863232758005,0.0224620311547333,0.002189884681587801,-0.0062444903739409,-0.009011386062793898,0.0016562366084502014,0.0040229148527822015,4.0536148478099695e-05,0.003784363591531701,0.0007272470521075998,0.0007681960175051007,-0.0018086981939228995,0.0020519141291938,0.0,0.0014747452592937,0.0035497267414114986,-0.0012002401920961998,-0.0014843404833094005,-0.0003090234882439,-0.0191804339538754,0.0017856217073586,-0.0264925191431273,0.008765838934605898,-0.011622056999999998,0.0,0.029971790999999998,0.03656956199999999,0.030118526999999996,-0.0020275970000000008,-0.004417838999999998,0.04565144435503669,0.07377771361370701,0.0313288296495067,-0.001883259067402802
2022-12-05,-0.014001676586058599,-0.0140025997301527,-0.010343759024410598,-0.0087950295523862,-0.0129031981717536,-0.0193538860708225,-0.020392566121638603,-0.0164523646197173,-0.009051596223578198,-0.0149823512113157,-0.009792201110103298,-0.013954362032529942,-0.014041853338188198,-0.005129725543500902,0.00020496003351099987,0.0,0.00036834674122630036,0.0002147305140313997,-0.0036093883179306,-0.010152371464017998,-0.0012370497943705,0.010201340481010499,0.012904383799449701,0.0092439801526739,-0.0020727471310568006,-0.022445952,0.0,-0.038370968000000005,0.007379671999999997,-0.07879066899999998,-0.038974440000000006,-0.034597478,0.013552229963200102,0.011792254405929401,-0.0377632596833607,-0.005637673047106101
2022-12-12,-0.021589821945089602,-0.0215882178592581,-0.0175493411707529,-0.01629532179641755,-0.0238345581700701,-0.0106839857436328,-0.010130416026356899,-0.0044186831000379,-0.018022136602966733,-0.022745894199007598,-0.0166559137038664,-0.0219231236996322,-0.021621821966455897,-0.0131620088069201,-0.0035928797054471003,0.0,-0.0031968550526342,-0.0094920354571329,-0.006988336463669,-0.0128878143055952,-0.0023236010764311997,0.0118934850850985,-0.01061622781675265,0.0197644609399971,-0.0442939024521109,-0.021955450999999997,0.0,-0.002978908999999995,-0.025617915000000005,-0.028075469,-0.05531470300000001,-0.008970798,-0.04558573011823601,-0.0876885034038007,-0.10987858122197758,-0.1338259435607833
2022-12-19,0.006118608838039199,0.006115315297042301,0.009253932740218901,0.0091723639621434,0.0106186076230416,-0.015853856013,-0.018350155946153898,0.004059430155375024,0.011224962384802098,0.0050856659727231985,0.010496430550827501,0.0061587065193469005,0.006058684904104102,0.0081423205359938,-0.008053734807096601,-0.0487485292332606,-0.0066724577224099,-0.0213601417490576,-0.013714655862705701,-0.027950853689662103,-0.0051310071367272,-0.007648511773806699,0.013531242882132,-0.0150493245028641,0.0030312920839351,0.015274550000000001,0.0,-0.024658922000000003,-0.08596414899999999,-0.011477076999999995,-0.019897746999999997,0.019499637999999996,0.028786935907921304,0.049592400159875705,-0.0538911864465747,0.07625949948149201
2022-12-26,0.013388554746587403,0.013390011343132502,0.0185320789293777,0.023067406507979702,0.0156637379372449,0.0020575542470857005,-9.224666765450008e-05,0.0181031300828044,0.017788422975123397,0.0123366228397295,0.0178206974297341,0.013295055600637498,0.013402917102053399,0.0146467003568484,0.0034152685201714,0.0,0.0024764747674028,0.010134477574780702,0.0055900343262113,0.010470214344960899,0.0018688683215492999,0.014334610119026099,0.0223913145111228,0.0114612331039892,-0.001335356164872098,0.021253397,0.0,0.004555481,-0.039710108,-0.011270264,-0.014744971999999999,0.002008587,-0.013766696031017106,-0.010089786231315501,-0.0029800712220075104,-0.0480776999926964
2023-01-02,0.0235139052797814,0.0235153598240915,0.0338645229748291,0.031269452811037005,0.02837686982837,-0.0012363440310784006,-0.0046617068748199,0.0223116946626973,0.0341266579472812,0.0212595296748957,0.0329352910239823,0.0235380402692652,0.0235060691041446,0.0270931945338804,0.0039183386903504005,0.0,0.0038264565604595995,0.009924286699645,0.006234772161928599,0.0129100153703232,0.0015547266813298,0.0161251088066266,0.0157702803983674,0.0162559914558964,0.0176126830163976,0.028232987,0.0,-0.064099459,0.016625749000000006,-0.010138573,-0.002388734999999996,-0.018984478000000003,0.029990875093408798,0.08433546001522811,0.36890868175001357,0.0022482449856414954
2023-01-09,0.0205599137914901,0.0205584731463282,0.020283374927083903,0.0183300953321551,0.0218924983854629,0.0136499181102369,0.013146968902102499,0.0133104561132529,0.010631130662949899,0.0228709137365368,0.010900205126307001,0.020703346531998297,0.0205727427224777,0.015824699095214383,0.004620368607653799,0.0,0.0028295522354103,0.0110080973465011,0.009547574711212,0.019457239665010298,0.0021725644796256,0.0077299516510614,0.0127824827007612,0.005911781518357001,0.0250880207112387,0.0360957,0.0,0.061636204,0.128648762,0.053283605,0.038888327,0.029706067,0.20785872035287978,0.17662180221539747,0.3689793863137937,0.10128112215151408
2023-01-16,-0.001826271532213099,-0.0018257149934704994,0.006313660536366601,0.004748999019611302,-0.0028527506587125006,0.0035029616813194997,0.0033682683383031995,0.0088262112745321,0.0075869958794026,-0.004107177530106899,0.0077113364885748,-0.0020367646336346013,-0.0017871594052615986,0.0083933738058545,-0.0019482190217514,0.0,-0.0018444517986478,-0.0085152764598742,-0.005098629051481,-0.012154235303213402,-0.0001550267424235999,0.0082085405243324,-0.0026007478801509006,0.012078008627953298,0.007200328707084402,-0.057047312,0.014571190999999997,0.004129758000000001,0.054132587999999995,0.062079402,0.022815795,-0.06968231,0.08007159980340599,0.032087729881920594,0.0325568575815065,0.0946284527120443
2023-01-23,-0.003338588513066688,-0.003338052744447499,-0.0009373888278859,0.0145581155695955,-0.0003319636667221005,-0.0190470622141967,-0.0227442897731283,-0.0061598039477669,0.0038284428229206,-0.0048284578851850056,0.0028281672588645,-0.0032825274997704194,-0.003374663194453552,-0.0002462710853019,-0.0008214396190413001,0.0814441751192703,-0.0004924289155274001,-0.002058840191956299,-0.0021545928076611006,-0.0053706366107425,-0.000620347414435,-0.0331038057357404,-0.010444847710713202,-0.0412798082595871,-0.0005076154871998008,0.038058368999999995,0.287719528,0.032518542000000004,0.132430646,0.013678777999999996,0.056815831,0.029746712,-0.0041198719118257995,-0.038135168310044106,-0.017037743125837182,-0.074106016238386
2023-01-30,-0.0031285318788946,-0.0031283617476186975,0.0149171790952269,-0.013678486530938998,-0.0013519998331295996,-0.012545206049155202,-0.012418857086539899,-0.0018613126244417999,0.012132429234685299,-0.006520843009490298,0.0107453269374847,-0.003154011505181002,-0.003109654392215799,0.0037201233155789992,9.952975943416931e-17,0.0,0.0002462447685429002,0.0011924766983032993,-0.00040450347750369984,-0.0018305710389997995,-0.0001551470020952,0.005430389716627999,-0.0053694414586852,0.0093621466169132,0.022958745366628598,0.005472377999999998,0.065697221,0.04024156200000001,0.03545532800000001,0.053012618,0.05706709,-0.02648518,-0.0035100568693718047,0.030735584059974896,-0.0531683715752258,-0.004488898319167503
2023-02-06,-0.007732521647091301,-0.007735314093757901,-0.0125042941925677,-0.061365992487704295,-0.005479309014064699,-0.019836476382248502,-0.015292692544163898,-0.007376291361316702,-0.0081325783746262,-0.007653105011382799,-0.0080583156228514,-0.007739650372909201,-0.007747591348634002,-0.010689588829985098,-0.0033955890011382,0.0,-0.002958946801964,-0.0063036835191025995,-0.0039186591595239,-0.0066384352454623,-0.0021745892384245997,-0.015687719544769902,-0.007342089155909601,-0.018721419147796698,0.0063552164162757,-0.000354468000000001,0.03572641,0.018218933,0.0077894610000000045,-0.10252260299999999,-0.02284807,-0.011013113000000001,-0.0427278681944632,-0.0698758584209701,-0.08816939373538932,-0.05534147026044249
2023-02-13,0.0038889072260245993,0.0038907246217883,0.0052266830799612,0.0036048008995111227,0.004027686115163299,0.003139671928528199,0.0030901543849324014,0.0068992633324522,0.004257298947919383,0.0037340712010852997,0.004518197948205482,0.0038290856058518,0.0038969453839753005,0.005213608234229499,-0.0013408284201575002,0.0,-0.0014827631531674,-0.0033855763239761,-0.0012192645282063,-0.0002049600335114997,-0.00015550890319799995,0.0201532605316772,0.0028808589309433008,0.026391007398866802,-0.0344118442187637,0.008472318999999999,0.056382153,-0.019342103,0.0057675400000000016,-0.0023290510000000004,0.010146403999999998,0.004727657000000002,0.12973672670297087,0.1219695967919319,0.230571762150536,0.0697499153813511
2023-02-20,-0.0033732483150002,-0.0033727078841750005,0.0019184451182750004,-0.0127425278417867,-0.0011137529840323998,-0.0156979356246883,-0.0160146464650682,0.008929008584823598,0.0027455318315116996,-0.005041255252837299,0.003357914729269001,-0.0036202376436424988,-0.0033574492658359004,0.0021020134976594985,-0.0020663299014564004,-0.0041412981709311,-0.0017326737008064,-0.0026289860689156005,-0.0025788952195824003,-0.0026683102859608,-0.0009335616050672999,-0.0099654980560142,-0.029147975063317996,-0.003213619142311,-0.0037846648630555997,-0.009252542000000002,-0.056432913,-0.034856064,0.085022285,-0.056915306,-0.039034535,-0.047688624,-0.0540450476891335,-0.0409698997903495,-0.1430103385135878,-0.049929443422261105
2023-02-27,-0.005849786081020601,-0.005849335709628099,0.0059106503879519,0.021318080244798594,-0.005248443984359601,-0.00916206366811128,-0.012488933433893401,0.0019658516440378,0.004955670284236999,-0.008481626275829197,0.0046591427044512,-0.006008281777912599,-0.005827700933480899,-0.0012667247102517007,-0.0058085424177312,0.0,-0.0045937134601903,-0.0068237112673888,-0.0091474458582891,-0.0106411459190261,-0.0057763020650084,0.004457521149663199,0.0022683648127455004,0.0052189804042958,0.0164822064974447,0.01918616,0.004611395000000004,0.024064082,0.02560761,0.049468505999999995,0.029020589000000003,0.024585993,-0.047584682195325696,-0.0418133445981451,-0.09504913167689061,-0.0230640684776625
2023-03-06,-0.0380121421561593,-0.0380134654402633,-0.0473695933797994,-0.050692772796809095,-0.0401743538488165,-0.0262595423357435,-0.023585892546150504,-0.0313371683901644,-0.0470434625036706,-0.036126789271153474,-0.045477485885520696,-0.0381476037005254,-0.037996010263736696,-0.041486407274705164,0.0094218225580701,0.0,0.0066972841177122995,0.0153427667209076,0.0165945048502895,0.0352059214989052,0.0074871664686378,-0.0173948876657976,-0.0269067704520796,-0.014117092524604698,-0.048758547396335596,-0.07222502700000001,-0.131374096,-0.026595191,-0.039488645,-0.032779201,-0.016893527,-0.017891058,0.0758621474195302,0.06956033518001752,-0.009803161806780978,0.0089067347005528
2023-03-13,0.008804243088506497,0.008804003637812101,0.009941148883167501,-0.012645644701560602,0.0062452505929288,0.02264549428395658,0.026416821035275033,-0.011086794421052499,0.0120918464261267,0.0085272477552386,0.009790709798768598,0.0092122592576865,0.008756139077417404,0.007713244147695598,0.0051392856461121,0.0,0.0040708129984165994,0.010171046349099301,0.0119344359851128,0.0231923180016304,0.0078941668370364,-0.0019565762640856004,0.014477169822150299,-0.0076329563540881,0.024544834150470703,-0.060451581000000004,0.037847109999999996,0.116946852,0.113492003,0.114455145,0.042840158,-0.045990605000000004,0.1376060905632434,0.03221486301622971,0.08184552725978379,0.0022498305528066004
2023-03-20,0.0117224062303531,0.0117237489899344,0.0022464610529075012,-0.015967970221141395,0.0171672024000049,-0.018110699981662,-0.0183458636680735,0.004455156232000915,0.0018754668425538974,0.014182266003671699,0.0021289249329704022,0.0118718188075955,0.0116994680907189,0.0015264077461972017,-0.006067168593245999,-0.0067315874474663,-0.0043180623506464,-0.012130550568507401,-0.0080300217352649,-0.017493157447516998,-0.006031101556643,-0.022736606350244097,-0.0248577761423992,-0.021995921286080602,0.006548055329668701,-0.007179306999999998,0.05550082299999999,0.0040714839999999985,0.040154749999999996,0.036901694000000006,0.03330998,0.018884708999999996,-0.02285222920419438,-0.011510824974070799,-0.10722329646556661,0.24783564566610278
2023-03-27,0.028232184000406703,0.028230764502665498,0.0271152782505445,0.010679165611927003,0.0307157190648109,0.014282411020891502,0.014677807526169097,0.0186758698478138,0.028582600769547196,0.0283918966827333,0.027609358214025503,0.0284253899300026,0.0282257920926845,0.026523044496010697,-0.0038237012432646004,0.0,-0.0030957860152853,-0.0065595512341102,-0.007282567587437,-0.009919424052622302,-0.0026403680789549,0.019350422103437098,0.013439643884616801,0.0213945642434277,0.0362862012245092,0.042322701000000004,0.08575891999999999,0.027178289,0.036590268,-0.016350691,0.028604097,0.015608791,0.023679643649633403,0.05380925626201939,0.025834700213114202,0.034740816156799
2023-04-03,0.012464855305929,0.0124668422252514,0.0021932887904540996,0.0052907607888346,0.0075896209055063,0.0396244415307494,0.0433151390660318,0.0088542149725545,0.0012633261981363992,0.015101059358975499,0.002006379715449499,0.0125378065554445,0.012449059465059701,0.0081465185067713,0.0014485258611410998,0.0,0.0014871734058352001,0.0014248920041113004,0.0016229378731304998,0.0033174194787124016,0.0012433946270885001,0.028194301474169705,0.0180573208265487,0.0316752767843395,-0.0037407648052964993,-0.022035161,-0.114258498,0.011381459,-0.027002021000000005,0.044221156,-0.001456428,-0.0034592419999999987,0.06487843884178021,0.0542442500158949,0.021261651276164004,0.04208043241405719
2023-04-10,0.0095170453253235,0.009515673614856,0.009733077480588,-0.0017376164964924003,0.0087213888197047,0.0138523006400557,0.015494455468900901,0.004440005146112799,0.0097151895391193,0.009598450707443302,0.0091982322294796,0.009618832024189899,0.0094931061043016,0.007742320082590499,-0.0008274721200323001,0.0,-0.0011151726575438,-0.0041707886165800005,0.004987541511039001,0.006901062543541701,0.0010867035145346003,0.0029522237617764994,0.004424543532180702,0.0024490839163692,0.010219895910775692,0.084648519,-0.0003242619999999979,-0.018901768,-0.010372834000000003,0.004141982999999997,0.003334667999999994,0.031474632,-0.007036988395628701,0.08282476538989801,0.1621674384683138,-0.013971233168078903
2023-04-17,0.0191618666315467,0.019162335224676502,0.015195811938625401,0.0336154447673801,0.0202541190778164,0.0132309095285504,0.0111584069162337,0.0067090496409683,0.0144108255133923,0.020536200559243798,0.013659649313197401,0.0194092629164308,0.0191613089152998,0.0135438947447858,0.0013442947063462005,-0.0184146001885986,0.0018579308001344,0.0021973201545842005,-0.0014801859662746998,-0.0026947468774620995,-0.0006208288263971,-0.0061143763745913,0.0036971897119508993,-0.0094836539006477,-0.003445799682809262,0.012962527,-0.113925608,-0.0013289199999999997,0.013401152000000003,-0.032296991,-0.0011507319999999998,-0.0023941180000000006,-0.0674186244979845,-0.11929694791080339,-0.1380985513006053,-0.1026278963145721
2023-04-24,-0.0054622294990816,-0.005461902673117299,-0.012867783943329601,0.0018409997140021,-0.006262147567345398,-0.0011264536892091979,-0.0014323960800218995,0.002285890350071566,-0.0067338728547912995,-0.0053637623811459,-0.005854469307652497,-0.0056159776451325995,-0.005504876931402201,-0.0126211317752984,0.0039191469305978,0.0,0.0028421396950714,0.0083060586819706,0.0060415032387754995,0.012217683638646601,0.0012412724634864002,-0.0084244582261688,-0.009062586605663708,-0.008205835685659397,0.007424557670765601,-0.016500754,-0.004675341999999999,0.07254199500000001,0.02296517,0.018143782,0.027847584,0.018994278000000003,0.02036247183897969,-0.005879471033978498,0.027461133860958498,0.007974075975004598
2023-05-01,0.0159691110626317,0.0159686080552678,0.016837515462846602,0.0150097612667346,0.0166576136257766,0.012245534801404301,0.0119601009691154,0.007842568846804517,0.014240744708021398,0.016554058167096302,0.013616627541735399,0.0161302312078354,0.0159551157533679,0.0171895123510484,0.0016455830104484,0.0,0.0016028608326564,0.0011964976681685998,-0.0024122230941071004,-0.0093236144563589,-0.00046529663499419993,-0.0093232080777358,-0.0017535841210932,-0.011950431712141803,-0.007163535525904902,-0.010909991,0.034396429,0.01097253,0.033000207000000004,-0.016627089,0.022666749,-0.007131040999999999,-0.014243851309258797,0.009284482529881502,-0.0623579822625366,-0.08070631481026187
2023-05-08,-0.0014842303281310996,-0.0014857573848974012,-0.0031118814225356995,0.014525243145302999,-0.0020190638291572,0.0014083459026253005,4.863417375449916e-05,-0.007654292851804699,-0.0036581814937535007,-0.0008498151364160007,-0.004047462851868501,-0.0013628404064914004,-0.0014954680083493997,-0.0054204606682949005,0.0018480498072825,0.0,0.0009851004367625,0.004230629513393201,0.0048186413676733,0.010507630381557899,0.0007753741568586,0.0123588280956383,-0.004076050431560599,0.0180278876542041,-0.0004447452456563996,-0.019495513,-0.012306403,-0.005422670000000003,-0.011925759999999999,0.107149213,-0.005778024999999999,-0.024488536999999998,-0.0182773317076279,-0.0171786977964682,0.016788017612418903,-0.0031574534583459967
2023-05-15,-0.0027228835300903997,-0.0027208391430703018,-0.00025020986243899884,-0.0057114837178532,-0.004145142660734301,0.0049234318184845,0.006025205469658201,0.0030963982364891006,0.00016153892464109971,-0.003505541979170601,0.00044747129848429973,-0.0028368163294104,-0.0027068949719523997,-0.0027475014921854012,-0.0012316536505151997,0.0,-0.0016012813669736,-0.003252740588832,-0.0014699007123080005,-0.0028637752253578,-0.0010856922353765,-0.004159429165205,-0.0096945203709923,-0.002277500401188499,0.013531388812542199,0.037182174,0.06988942000000001,0.029875794,0.098193111,0.043707791999999995,0.014896873000000001,0.019081382999999997,-0.0126349017884744,-8.287014577699342e-06,-0.07229637292772476,0.07660037881592219
2023-05-22,-0.023391694417398502,-0.0233938554566612,-0.019090514983173303,-0.012691010338610103,-0.0279988341922268,0.0009090224408845986,0.0023102908337099028,-0.012039241213216697,-0.0192059264976106,-0.0246040557117383,-0.0185056322847609,-0.023616451048141,-0.023345606707198298,-0.020751550729337702,-0.0003081505853563,0.0143056239410268,-0.0007399186427102999,0.0033609832690266,0.0005347593710327003,0.008076474513348437,-0.0006209251984654,-0.0061912395511018,-0.0263378711634098,0.0005448500685193997,0.0030697260997020266,-0.016225120000000003,0.06983629899999999,0.04469216799999999,0.219708724,0.014957620999999999,0.0015401979999999996,-0.018410164,0.0327741169172923,0.04072302953880771,0.052067611119176106,0.0681413486735163
2023-05-29,0.0094651913238329,0.009466798529844698,0.0030658024011298007,-0.028327840802246197,0.009555408061613301,0.008996323321765498,0.0126565304688596,0.0044975565384979006,0.0006305834131065998,0.0115634940086501,0.0010078801462142005,0.009563748165874998,0.009452363621608098,0.004731686925369298,0.0008215239730884,0.0,0.00012335779945319997,-0.0003247631963593006,-0.00013366303568620032,0.003036390011015501,-0.0015540018667341,0.0141197275017797,0.0233537018075282,0.0110550278799365,0.016103073303269003,0.025451061,0.102265202,0.007511680999999999,0.009735230000000004,0.0004813630000000003,0.03098067,0.025982133999999997,-0.074260853968173,-0.0438676416437576,-0.025157692359623098,0.0323401226450374
2023-06-05,-0.0065727120638832,-0.0065739043281992,0.008587310655421601,0.00023856246986808487,-0.0020373579476060024,-0.030559607828586598,-0.0335689684400428,0.008717886423804555,0.005410745012760799,-0.0096289151622295,0.005734954639340499,-0.006877469457705901,-0.0065768435494425,0.011391029789548798,-0.0024665994006396004,0.0,-0.0027173929764997,-0.0066264975516149,-0.0040182213186774,-0.006180428757325199,-0.0020238194811495,-0.007786916915464702,0.008030659885097999,-0.013124811458569599,0.0151267525471924,0.0038368250000000007,0.132970379,-0.026006042000000007,-0.014264496000000005,-0.019765689,5.531700000000004e-05,-0.004839487,0.005512817367935401,-0.0389991793999508,-0.2783994514367011,0.029588829255499702
2023-06-12,-0.0025073619876538993,-0.002508041200612,-0.0177209873698603,-0.027949185822876997,-0.0001677852352928999,-0.0151295848101219,-0.013864649860757798,-0.0153720536061334,-0.0202134413827241,0.0015332521767899999,-0.019729108505396997,-0.002258753458708,-0.002520371051564601,-0.019007988458947397,-0.0040212458167595,0.0,-0.0033451062599144,-0.0076586807610625005,-0.007138558161328101,-0.0084989146811763,-0.002808990611055,-0.005583626037585001,-0.0134838215914211,-0.0029060302408446996,0.011407560309896998,0.015830336,0.063950232,0.04645735499999999,0.096364797,0.010579493,0.021647236,0.025346874000000005,0.0359646433587898,-0.002798259236982901,0.056064663208103,-0.063461510457278
2023-06-19,-0.015183788584695001,-0.015181796276761701,-0.021295134076707096,-0.025233916188021302,-0.015756067521302198,-0.012090705722022399,-0.010812849079772499,-0.0217106971111599,-0.0210555180236181,-0.013801170920034002,-0.021121063870977702,-0.0150582315656651,-0.0152109998363683,-0.0233773015721868,0.006487845217398901,-0.037359592194411,0.0045812003604427,0.014285178312677399,0.0082116635627638,0.0165358098469148,0.0026531424068899005,-0.02208617820087683,-0.0202317190473083,-0.022711300886846697,-0.013740346692705699,-0.031266868999999996,-0.015237958999999995,-0.021584947,-0.011378120000000004,-0.009680012999999998,0.009472595,-0.014290943999999998,0.11989035923903911,0.06773248573986289,0.012181176570115797,-0.028915326385251204
2023-06-26,0.0087741281836279,0.008771941179115,0.018851353514561,0.0129343946147908,0.0095351301134007,0.0046566888688738,0.0038536901643509,0.0106263005272824,0.021195259996734796,0.006117620175840799,0.0201418332127976,0.0087381817458309,0.008792801059984201,0.0167479450151665,-0.0014381101605396998,0.0,-0.0012360941005284001,-0.0024933613654537995,-0.0033572850979658,-0.0026391687279923,-0.002028240027548,0.0139222813265116,0.0258598435744787,0.009854033116334,0.028864500065949497,0.046369382,0.019947738000000003,0.01634242,0.0022008819999999943,-0.021815477999999996,0.038307628999999996,0.036364094,0.0288264623466162,0.0503176781485863,0.16769476433266117,0.0210861213967575
2023-07-03,-0.024204494937312998,-0.0242017027748736,-0.0148273076883006,-0.027897150052935794,-0.0229320705694818,-0.031129717831740202,-0.031445198298759004,-0.006673714109504099,-0.0133303117595302,-0.026938349182605903,-0.012666574732849914,-0.024545533799316198,-0.0242031187151409,-0.009729386619310302,-0.0023671086028378,0.0,-0.0018570107472126,-0.0087213024172533,-0.007425943798831,-0.0172767019967729,-0.0018758798685205996,-0.0021481808248406007,-0.010128093327977997,0.0005826236896686984,-0.010391379804325099,-0.007592043,0.047229980000000005,-0.00979708,0.004740319,-0.0018395690000000027,-0.017106919999999998,-0.020645417,-0.02410241708470489,-0.0390214845753225,0.10233422583859378,-0.024572340387173097
2023-07-10,0.0073491977885243,0.007347428958558699,0.0205351695645756,0.037466019342258294,0.006108893211386598,0.0141016355157015,0.011788427339148798,0.012877396109902699,0.0228265104015258,0.0038601611674754996,0.0218363817103056,0.0072401975861031,0.007370777336200198,0.015048535632822197,0.0042157278003406,0.0,0.0033401404221194996,0.009914555257215699,0.007022311099102401,0.0154153250204501,0.0028125018539451,0.0010833432194683,0.025102883150594904,-0.0072190186496386005,0.025360952241371998,0.03692921,0.025009893,0.023504259000000003,0.06745612,0.048519071999999996,5.249099999999978e-05,0.014069621999999999,-0.008869948785300192,0.0163970134235862,0.23175971694873376,0.4366679823653193
2023-07-17,0.013772037968868,0.013771883852326697,0.0013541333373288996,-0.006294869844738999,0.013257070306255999,0.0165614101480564,0.0188251867284187,-0.0048286904599888995,0.0011380572434881997,0.0169591531129786,0.000547781992778175,0.0141367046788485,0.013752428274693699,-0.0001378934786750996,0.0016403530436414002,0.0217903329519983,0.0013576058857763,0.0024903916287434998,0.0013448092397921,0.0031329573305709,0.0006239276446361,0.009098750961327215,0.0150730664487666,0.0069984534929489,0.007017433503241699,0.034001655,-0.078947577,-0.004267000999999998,-0.025842972000000002,-0.044009717999999996,0.006533749999999999,0.011863026,-0.0326707523404801,-0.0327779724609233,-0.139168666704832,-0.0505529609361246
2023-07-24,0.012553791816011798,0.0125556539046473,0.0129815219881032,0.020495275679119504,0.0161814070106984,-0.0072879713605564,-0.010047332444094899,0.007364423877533858,0.016562880376781202,0.0118101573296996,0.0156602553287658,0.012653522930060602,0.0125698972630725,0.007433091301114802,-0.0011274536119737998,0.0,-0.0007402838092549001,-0.0043351102897928,-0.0040398654459022,-0.006964567854126901,-0.0010921289797593,-0.008042233423402701,0.0088161694944178,-0.014080648213939199,0.0075069253187106,0.012569953,0.024390577,-0.015832839999999997,0.053626447,0.099527881,0.020064113,-0.066445118,0.0018215416200344009,0.0033243375001227996,0.014414211173051795,-0.006058062231972999
2023-07-31,-0.0175817253007003,-0.0175840344811252,-0.0143297977751961,-0.032503886156698,-0.016824335027339,-0.021788264055939397,-0.020706079774234304,-0.012723381790991702,-0.013902334232987701,-0.01849439808468,-0.01378705181598243,-0.017674864289513398,-0.017562675665017,-0.013234802138421998,0.0017418929554215998,0.0,0.0012335020683283998,-0.00032589213258929993,0.0002698327053609,-0.0063197603446071005,0.0012480500839968,-0.0037914381802708,-0.0133968237629075,-0.00033850170291219975,-0.0154866173499746,-0.0056881879999999985,-0.048366146,-0.031797307,-0.04528830899999999,-0.034296974,-0.073295178,-0.031115906,-0.0016959899649302817,-0.0158693249344808,-0.027879756408106793,-0.1161357208362407
2023-08-07,-0.0008219143973376996,-0.0008222473166366998,-0.005452581551101599,-0.019653807682194997,-0.0005639143582994999,-0.0022614235942844995,-0.0005567387648541003,0.0014606741150929,-0.005691527743528498,0.00018014701611689977,-0.004989452565564901,-0.0008670572940610009,-0.0008260720060284002,-0.0035279220224168004,-0.00040958427768969996,0.0,-0.0003698908864069999,-0.0016310556543717,-0.0020255222643200993,-0.0017846524665356,-0.0006238303383845,0.004239236731091361,0.0062091091571597,0.0035342708912658007,-0.0063764625208986014,-0.01011383,-0.045162886,-0.020870343,-0.089496764,0.011254801000000002,-0.02334873,0.0076866289999999995,0.0077784121722584984,0.009396087022188901,0.0860933466100383,0.019664860360207204
2023-08-14,-0.023964365734609798,-0.0239615500009984,-0.0299062680537448,-0.038566030145601504,-0.0211980936591237,-0.0395253087277222,-0.0396182797389953,-0.0236149828774459,-0.027127714620909602,-0.023290995877332698,-0.026781201185451502,-0.023970784353529798,-0.0240005503566682,-0.026243545238843098,-0.00020485506575780013,0.0,-0.00037002775630350006,0.00010881984884789997,-0.0006760868352992998,9.974659986866641e-17,-0.0007803355838807001,-0.014545977552964232,-0.0170048984789171,-0.0136676124991079,-0.0202380721771893,-0.036125450999999996,-0.11870552300000001,-0.014212223,0.058100333,-0.016341495999999997,-0.018735577,-0.021684062000000004,-0.1184219557549501,-0.1008508418439939,-0.17018177749243624,-0.1899761238708376
2023-08-21,0.0160043462439314,0.0160022916545407,0.010867813460095799,0.0063673137374466,0.0158532337339611,0.016863285328735694,0.0178778098141016,0.003146772052422299,0.0123226766552062,0.017097570713907398,0.0114197125647682,0.0162527421880966,0.015974027758008397,0.0122046674037582,0.0016376666914979,0.0233937108044168,0.0011096727604372999,0.005425949285996899,0.0031062216885906,0.0089899345888877,0.0006243171733923999,0.005579655133375,0.0197333946588048,0.0004926008554961003,0.007594216557177199,-0.012972265000000002,0.101832052,0.020330353000000002,0.060903092000000006,0.018808404000000004,0.023337201999999994,-0.0015018190000000006,-0.0006889186434619,-0.0089234833804517,-0.031184284086966094,-0.0024624468905056034
2023-08-28,0.0025561098968595003,0.0025567563497403997,0.009689384710911499,0.017445577066544402,0.0036723135422753,-0.0038018286600170004,-0.005867721918682599,0.0067272413511360015,0.006704153585846698,0.0015669771255812,0.0067063797316436,0.0024751919181957,0.0025673670478245014,0.0074063200209105,0.0014307616135163,0.0,0.0006159532070320001,0.0002164267944818999,0.0012128564252095004,0.0002949997563060007,0.0006239276446361999,-0.009496325838171301,-0.007635464119594308,-0.010173477953084499,0.014226220706402202,-0.0015652909999999986,0.026552425000000004,0.017433358,0.05271673099999999,0.043540799000000005,0.058973293999999996,0.011155983,-0.011315332090154406,-0.013895060420393502,-0.05282234086901311,-0.028835646182949405
2023-09-04,-0.0079652881826255,-0.007964337697567499,-0.0150280593548606,-0.0283553460312718,-0.006913377142640799,-0.013996070585462698,-0.0125940684812888,-0.0006887791544274004,-0.0121525147308628,-0.007236150143668201,-0.011023357416313455,-0.008105374463121899,-0.007946494947242698,-0.0092455287219266,-0.0007151249219307,0.0,-0.0013555982111660998,-0.0040114977630335,-0.005537187488212,-0.0135612075813976,-0.0021854520094024,0.0216317054384706,0.019992706866357297,0.022232849060470402,-0.0020858639686099,-0.020575334,0.014143839,0.016925223000000003,-0.062455845,0.005293358999999999,-0.061383722,-0.020756397,-0.0254946265603212,-0.0490575389118154,-0.0946091476685306,-0.06922459080669115
2023-09-11,0.006256901361425999,0.0062571081158438995,-0.0088621679347788,-0.00882821930327381,0.0054310019408193005,0.0110061030007055,0.012904500976151598,-0.0065772269544969,-0.0060646894520693,0.009179110348992301,-0.006125872563748899,0.006508071303003999,0.0062243295240689,-0.0083185583393786,-0.0026606646887151,0.0,-0.0017279688328215,-0.0018485298581891998,-0.0020334854156887,0.0007969715504527,-0.0021902386728205,0.0009694673798862995,-0.005712789580864,0.0033660155963359997,-0.007589799983707,0.034038251,0.099107661,-0.012189913999999998,-0.037379176,0.007451191999999999,-0.017951149000000003,0.045139504000000004,0.061333537778281905,0.053766305976103296,0.10267106212844351,0.05899881092132561
2023-09-18,-0.0069999030670149995,-0.0070007265835073,-0.0185856453824508,-0.0259526999078386,-0.002853400381318299,-0.0309777054192497,-0.03145446495347429,-0.0166502836992598,-0.0156591841765001,-0.0049530967880787,-0.0157531963920947,-0.006823709448939902,-0.0070189734290394,-0.0158034897780855,0.0027628567076074997,0.0018443301443434,0.0020978597192288,0.0011964976681683001,0.0023043046455094003,-0.001794080018746439,0.0025027386753635,0.0028463442339695007,-0.002030430247707699,0.0045764846697234005,-0.026412727817661498,-0.020914745999999998,-0.113782193,-0.04082575000000001,-0.05357378300000001,-0.053440656999999996,-0.0012578729999999962,-0.017031884,-0.017183373690184307,-0.030398582179385705,-0.012959565514066,0.0044778325784194965
2023-09-25,-0.014568379556540998,-0.0145698660449524,-0.009796615799329,-0.022148239729026603,-0.0158677048841254,-0.006980646362795899,-0.005547601055551301,-0.0005101697540577,-0.0072783930199453,-0.0164220866924073,-0.0066356820175653,-0.0148258084489672,-0.0145677208096088,-0.0082253851525089,0.0010213462229893,0.0,0.0004929751147407,0.0007606629000297007,-0.0014904142044878002,-0.0026971696087234997,-0.0009377931290603,-0.013001814421778,-0.009629894400100302,-0.014195912204875101,-0.011372941199074936,-0.004883875999999999,0.021572219,-0.00398259,0.044397387999999996,0.004672375999999999,-0.020694299000000003,-0.026916051,0.0457937033749657,0.0463218170586266,0.186039490973615,0.014475493102399106
2023-10-02,-0.007507467097085302,-0.007505682173217799,-0.0203077503080047,-0.012928364589784504,-0.0096957649479237,0.005114439774664598,0.0067898274734413,-0.023800924560216097,-0.019740928993133903,-0.004504908882477799,-0.0201268401015628,-0.007206581677637302,-0.0076014639047744005,-0.0245190113908804,0.0029560186654036,0.0,0.0020924372210698,0.0031451682561534997,0.0013550137574594996,0.0009998001232750997,0.0007815553348201,-0.002838198515798699,0.0134117854846881,-0.0086896699529574,0.010962476653528,0.0005515099999999981,0.040377479,0.035804231,0.050716115,0.050077524,0.036023383,-0.0004331399999999985,0.0019194132682865024,-0.051698037050361106,-0.0551162878387491,-0.0189066021075924
2023-10-09,0.007161914641664599,0.007159960475738299,0.009158730817542498,-0.0147010982138624,0.007694618873126399,0.004109719534983899,0.005821565237429003,0.002552940833285,0.0030948302990120996,0.0081586648131694,0.0030443050447999,0.007247945781663499,0.0072232204092051,0.0013235765879256996,0.00040704182916720004,0.0,0.0002458814863629,0.0031353071794362,-0.0005417851954276,0.0002997452188103003,-0.0006251953939184,-0.0034747391700026,-0.0030216777846087004,-0.003638241010885,0.008719480134242698,0.019789072,-0.036787122,0.0014351409999999992,-0.006599259999999996,-0.001600357000000002,0.007633202000000002,-0.005974740000000001,0.03336265314276955,0.0130350564586417,0.08093379483200569,-0.010486011813265902
2023-10-16,-0.0492640882538386,-0.04926449122682461,-0.036360684477391894,-0.0273795319191842,-0.0487425489958643,-0.0522705178107427,-0.05454356955489239,-0.0424222887797326,-0.034609350194194394,-0.05265321934393651,-0.035340528625750205,-0.049391619416079904,-0.0492609016908692,-0.034984991738934296,0.0006102522565299999,0.023373490585947,0.00036870890849710007,-0.0009719748051786002,-0.0002710027116857002,-0.0022002209096023,0.00046893318561540005,-0.0225271698151312,-0.021782406734019898,-0.0227977657242428,-0.03645986777736304,-0.034717376,-0.169391766,-0.0032396060000000008,-0.093887972,-0.012895804000000004,-0.033949757,-0.012278114,0.1485303779953241,0.0980299657834653,0.2837248251979003,0.0936554994918138
2023-10-23,0.0018387223483322,0.0018404651905590003,-0.00912820489316695,-0.0001527848041041023,-0.00019349052610509974,0.013478357790291053,0.014732586237368,-0.0010065450065090999,0.0024612295648113996,0.0017654700317631996,0.002138513339709499,0.0018919267637530005,0.0018618130092742007,0.0005928770976831002,0.0038563067882902,0.0,0.0033122768429301,0.0056028591781124995,0.0031121058877344003,0.002400001152001,0.00046871339034769996,-0.0039683775891402005,0.0133474135013707,-0.010357193676132099,-0.011980305172566598,-0.052122011,-0.022372094,0.009566197999999998,-0.021664835999999996,-0.104295919,-0.027325088999999997,-0.024113732,0.0419105890512338,0.0250083148877676,0.0932031672697735,0.0569952137206515
2023-10-30,0.0222523810498081,0.022252409052949798,0.036338681722186794,0.024970436454675702,0.027492638265644128,-0.008087411125288501,-0.0111568862211715,0.023911232106537998,0.0371585141777734,0.018864618465305297,0.0359346287767382,0.022221916876084002,0.022276758874656903,0.037849984353013094,-0.00020259319356150004,0.0,-0.0002449779532095,0.0047164842497364,-0.0046039350109585,-0.0122602279349068,-0.0021892111949048,-0.0002803012716579012,0.004331061788126799,-0.0020034282208500993,0.0466895223021788,0.052471742,0.059278709000000006,0.067384566,0.105471594,0.055173843,0.048897686,0.065544397,0.015387327632645699,0.0483925079366897,0.18645518458446497,0.21180031115369002
2023-11-06,0.0012886339961056988,0.0012872946536109007,0.004305553790639,-0.022343864529486404,0.000643161710080001,0.0050801474411111,0.0076314168821970995,-0.0032809644220942995,0.0055500033666167,0.0004230813436978992,0.004743952897524701,0.0013731029933076004,0.0012835900460410003,0.0029274254411749,-0.0017237013139790999,0.0,-0.00085789575701,-0.0020339352941259998,-0.0004072490384122001,0.01066086733808497,-0.00046974086826319996,0.0183645215747501,-0.0023053089756180003,0.0258837909448786,0.010383424363945702,0.023702820000000003,-0.024436976000000003,0.046709461,0.07138238,0.026674285,0.053724530000000006,-0.012137481999999998,0.04096165296977399,0.0786366498927315,0.20872802037281213,-0.06345617560335332
2023-11-13,0.015336874229555559,0.015337443470490692,0.0258791924631598,0.026133961652033303,0.0181700012780977,-0.0014505600891873,-0.004016972416248201,0.0233257646992329,0.0249062251513996,0.012959411804708538,0.024759343827706903,0.015188224277733699,0.015310938030395406,0.0293968444217293,0.0020275757148994,0.008966125307295,0.0022045324298767,0.0033163977975684995,0.0042002636102846,0.016371849531038398,0.0007827789049407001,0.0030061271992124997,0.0179896192240271,-0.0024103284469496997,0.0303251413074564,0.042713352999999996,0.08759359300000001,0.0004867829999999976,0.019727586,0.020306796999999994,0.017496300000000003,0.023815690000000004,0.026349390526981396,-0.016199557795095,0.08538466082513778,-0.091443223613307
2023-11-20,0.005410274888475999,0.005412296077226301,-0.006109263744382601,-0.0320866753943069,0.006813702481355599,-0.0030093920045098,-0.00025218253585300096,-0.0009794130307812995,-0.0034827050362343,0.0075986655193212,-0.0032585218789261995,0.0055285054885853,0.0054377102267070005,-0.004773933830774101,-0.00040518639128080017,0.0,0.0004892368003653,-0.0005341595127275,5.004677228193088e-16,0.0020645929763998,-0.00015650676923699989,0.013303738769337901,0.010270744850005398,0.0144104841521015,0.0006704910553776999,0.004700269,0.004896204999999999,0.020287568000000002,-0.031360092,0.010147176,0.0014749990000000011,0.011439972,-0.005962379687717497,0.0025573398215084954,-0.026331897065741284,-0.014278334194744105
2023-11-27,0.0083687899181234,0.008367571273850401,-0.0026952734500208997,0.033084513883364,0.004134756187592391,0.0334885589641062,0.033527373500289503,-0.00046724966638020046,0.0013812279770330982,0.0101616037197263,0.0012143828140716,0.0085312344693757,0.0083612497661167,-8.598272735129905e-05,0.0074695007630195005,0.0,0.006824301405262001,0.0122140544493728,0.0106248057518715,0.018584820969546403,0.0043729571481719,0.011540082929453799,0.006577698314420102,0.013339577861798301,0.0042433297115789,0.021265078,0.014253445999999998,-0.007766572000000001,-0.021388394,-0.035974841,0.006663039999999999,0.02234301,0.119431830089791,0.10114779562940429,0.11096242561166451,0.032921067740305204
2023-12-04,0.015103791692875101,0.0151045645053537,0.0178006740452561,0.0331485133611824,0.0123709679368016,0.030930919785785202,0.0307190981413027,0.0075148416475159,0.0205096227008835,0.0140424947588267,0.019347392438660103,0.0152420718738768,0.0150616696271652,0.0165171792015636,-0.0012074865624898,0.0,-0.0013368173589546001,-0.0032778247693024,-0.0018746657873731,0.0009635768716259,-0.0007794840210715,0.010773490428639499,0.0034648735337859996,0.013401824628960099,0.0114576405021382,0.010654642,0.020760246,-0.0007479199999999991,0.015720967000000002,0.023459976999999993,0.023104798,-0.016157735,-0.017694077999566002,-0.008342924578075603,0.134257077561621,-0.0066896355648465924
2023-12-11,0.005010122364750601,0.005007511368938499,0.0191530318960257,-0.0147821544154527,0.010948382946268001,-0.02976237773548,-0.031213241869067602,0.010004862209025899,0.0224361137745037,0.0008702472079806997,0.0213341697653494,0.0049162838926002,0.005043089438343,0.0146069244638793,0.0027147973035824002,0.0,0.0029143918624599,0.006860547252798201,0.004813487031547501,0.0124427332723768,0.0014026340646045002,0.0202173841503394,0.0198833452363221,0.020357393487785702,0.02523256798279325,0.041457626,0.038851568,-0.009396509,0.028716850000000002,-0.017863616,0.00945898,0.044176905,0.032905037547448605,-0.0032893677532000055,0.055018629742084595,-0.012461242581157102
2023-12-18,-0.0037911569859670367,-0.0037912646526609113,-0.0020382485368687997,0.0031790304809475,-0.0031568474414627,-0.0075976278116989,-0.008652725995890998,0.0144672800981998,-0.0040024961721598,-0.004156624856326601,-0.0023586182590867,-0.0041274759984958,-0.0037651978269395594,0.0021647913602953995,-0.0012056667792253997,0.0,-0.0010919018373294,-0.0029495439059887005,-0.0024038473113942005,-0.0024761917414257996,-0.0010907675409479,0.004566693628148999,-0.0037169650721882,0.007528432871059001,0.0071863443526149,0.013047705000000001,-0.0037942000000000036,0.010331300000000002,-0.001228010999999998,0.064891955,-0.020298781,0.010952608,0.022951885151737704,0.024629463063713095,0.4882546984003209,0.053722911211946806
2023-12-25,0.001652035143334568,0.0016526904829817029,-0.0163590206326689,-0.0080167235054942,-0.0024586998407178998,0.0260278787331711,0.0293191543511701,-0.0102179618495584,-0.016781619786688098,0.0061616168899277,-0.0161901030420535,0.0018716993633418999,0.0016514845636409997,-0.019438261471145,-0.0006033789402688001,0.0,-0.0009715813249106,-0.0010555204695415,-0.0018736622183769002,-0.004970854323104,-0.0006238303383844001,-0.005581236383365,-0.017796181102498497,-0.0012618367733631002,-0.006707612581939099,0.016000411,-0.016207280999999997,0.0038901809999999995,0.014072164,-0.012803382,-0.005542225999999999,0.019598595,-0.031394815894548296,0.003912859844540708,-0.1768841072150361,-0.04979444316131569
